Timestamp,SHA256,Download URL,Dropped Filename,Using BITSAdmin?
2/10/17 3:46,0432e310f40f4e498c404c37051f3beced897acaeae5e5915f1ec9147301b6cb,http://www[.]pfirsterer[.]com/chrome/chrome99[.]exe,msword4.exe,FALSE
2/10/17 1:11,e6a9462ad5a67b10d8ba39b75539f36f66462207379a14f10681c35e432fc982,http://182[.]255[.]5[.]201/~bemkmund/okekasi/creditadvice[.]exe,creditadvice.exe,FALSE
2/10/17 0:58,516d23490f9880d60b89ffe43be70ba36a66b701a9b33d0705fe525498c214ce,https://silverisikgaz[.]com/edu1[.]exe,puttyx86.exe,FALSE
2/9/17 19:03,2fba2eb85395dbdc72f5befab61fe82229e35843c1fcc994794234eca28fe87d,https://dl[.]dropboxusercontent[.]com/content_link/63TU5prM21HOYxeAFxWJcMFctT0oGEC8koHMuG2NDmLBs6GqemCIMVQOg04CSIJj/filedl=1',win.exe,FALSE
2/9/17 18:53,22036ce2245143cc0da5f727ead2711134a9d817d8cfed7f5935483e3a9b5ff9,https://dl[.]dropboxusercontent[.]com/content_link/mUBgz79EPx6Hvm7Bsim5IeG7RHrqbLia2wxsTOeN3Uovz4QDkmHZQQ6RUnFNl7QF/filedl=1,netflix-1.exe,FALSE
2/9/17 18:46,7f155b55a5f3de4d7ae8c16a08f60f82471a4951a562c79cc8d05152da5c67ee,http://getsolarplan[.]com/wp-content/fanta2[.]exe,fanta2.exe,FALSE
2/9/17 18:43,8db39ea0b31ea2ca2265f2f2578c40cd60cdab87399bd73f748d2710925b630e,http://185[.]163[.]46[.]154/software[.]exe,file6.exe,FALSE
2/9/17 18:04,a8256f34ec869c273b1ec9f77e1943f933779fdb7e67e037abac49d09db8570a,silverisikgaz[.]com/inc/Invoice[.]exe,Invoice.exe,FALSE
2/9/17 17:56,58212512bb8ff31c173593560c2ee127817ef13711593df674dc8d3c3888a8df,http://182[.]255[.]5[.]201/~bemkmund/two/files/dec[.]exe,msoffice.exe,FALSE
2/9/17 17:54,b2f65456df5f4a13c07fde06005d6452fb9529982a95680cab62f7632b4c1c0a,https://dl[.]dropboxusercontent[.]com/content_link/AbdocmNhpW6bMXF06clax69u4TVyJEZHAiiearnhmvouSxPsb53NkuhkncUncQJk/filedl=1,puttyx86.exe,FALSE
2/9/17 13:10,f880ed0958b774250592a559d74d508a69ee568910b15cfbb62ad7dfe46dd1fb,http://silverisikgaz[.]com/c5162c943fce4d2062efc30600e3b49093575[.]exe,c5162c943fce4d2062efc30600e3b49093575.exe,FALSE
2/9/17 9:06,e9af0e3f587a5b52c461f9fe78bcfa837eb9c63be427fd0bc1527e9d87fa67b9,https://a[.]cuntflaps[.]me/z2oVV[.]exe,z2oVV.exe,FALSE
2/9/17 8:10,61cd4a2bac9203a53c2a0a22490af2e85432620cd99611fac0cbf079681bffd1,http://182[.]255[.]5[.]201/~bemkmund/two/files/dec[.]exe,msoffice.exe,FALSE
2/9/17 7:58,6d9641fd20ae7c347cd29e8fbdc2cc54cac6975df253feae46f6967257670a44,https://dl[.]dropboxusercontent[.]com/content_link/mUBgz79EPx6Hvm7Bsim5IeG7RHrqbLia2wxsTOeN3Uovz4QDkmHZQQ6RUnFNl7QF/filedl=1,netflix-1.exe,FALSE
2/9/17 5:30,8e3d1ca9471e035780598245666cc8fe5202436bb895d5f3c82c554262c69660,https://legacyrealestateadvisors[.]net/brats/remmy[.]exe,puttyx86.exe,FALSE
2/9/17 5:30,caa25ed0c34b4bcabfbabd0fab53a3df90daba4ce181d6e3807fe928862bab1c,https://legacyrealestateadvisors[.]net/brats/remmy[.]exe,puttyx86.exe,FALSE
2/9/17 4:59,c9fb5251b18c6492007671fb57814effa8cc33748b8fbcb82e9e21a04314ca91,http://ridart[.]ru/components/com_contenthistory/ga[.]exe,pdoc.exe,FALSE
2/9/17 4:22,865fcbbc7c4319ad36cdac49ad29e1f3a8eda1ae5457ab3a6f0f1b0bfc954b69,http://silverisikgaz[.]com/quotation[.]exe,puttyx86.exe,FALSE
2/9/17 3:39,a2502ecd65c18d39f7e93f58b5766186fc052f64f2633d7524b4b2bf7fab5fc5,http://umiyatubes[.]com/fonts/cms-file/firefox[.]exe,firefox.exe,FALSE
2/9/17 1:30,f642760863c8d393a14a6fb4312e064fac085ac2e127d7beb6f65cf250279e8d,https://dl.dropboxusercontent.com/content_link/63TU5prM21HOYxeAFxWJcMFctT0oGEC8koHMuG2NDmLBs6GqemCIMVQOg04CSIJj/filedl=1,win.exe,FALSE
2/9/17 1:25,fd9725ac69da0b9301edeb681d11e6445f828740a5811e6430739f0a83cfa326,https://dl[.]dropboxusercontent[.]com/content_link/AbdocmNhpW6bMXF06clax69u4TVyJEZHAiiearnhmvouSxPsb53NkuhkncUncQJk/filedl=1,puttyx86.exe,FALSE
2/9/17 0:24,3ab15a8611c0467d2f94e3d3dc0496ef6f3dc42a2011a755041d41a66d0669de,http://ridart[.]ru/components/com_contenthistory/ago[.]exe,pdoc.exe,FALSE
2/8/17 23:48,04adaa48deb23f87eb25605afb7c0d31a96ea91b885907b92100e2dbb886f046,http://evisions[.]co[.]in/wps/000[.]exe,Doc.exe,FALSE
2/8/17 23:21,f2f53e5f472dd309f5e9c153ad39705cb510502fd22112077a56d73e9572ab5f,https://www[.]dropbox[.]com/s/sl2hf5oeonzhq1v/paylist[.]exedl=1,puttyx86.exe,FALSE
2/8/17 21:30,f23ba74031841331e20f8117e666d4ecdf202b130d8ded0f7b900061c3576085,http://getsolarplan[.]com/wp-content/zueszues[.]exe,zueszues.exe,FALSE
2/8/17 20:46,b947ffedffbf1f345ac07e9d33a997a153695959a6d1218b361e29d89dfc6748,http://getsolarplan[.]com/wp-content/tester[.]exe,tester.exe,FALSE
2/8/17 18:41,87db5588a437493c8393954ea172c95769a37d9e80294453f408a2888107cd8d,http://www[.]eu4youth[.]eu/images/foto/done[.]exe,serverupdate.exe,FALSE
2/8/17 17:50,20fd795d8a9f68234808ac8f15681d1a718a990c11f06586a5ee4bcc2a1689f4,http://fgtk77[.]club/new/222[.]exe,puttyx86.exe,FALSE
2/8/17 17:25,ae3e3a4c6d911971137697bdbb3ba9cea08eeb9112e55ade28595b81882c49a9,http://silverisikgaz[.]com/marks[.]exe,puttyx86.exe,FALSE
2/8/17 16:53,c45d49eb57b164ecf408b2c137c1105e172fd82400fe5bdc6fb14fd896833cc4,http://silverisikgaz[.]com/6666000[.]exe,puttyx86.exe,FALSE
2/8/17 16:42,007b0014d48f6bfbaba64b9d3db36eccca19888b4ccdabf73e94c3a56c83fca7,http://www[.]eu4youth[.]eu/images/foto/done[.]exe,configs.exe,FALSE
2/8/17 16:00,4f92e3888be51fa3b876be31da58d70d0e1f62c4fc594947a1a08207fcc24e90,silverisikgaz[.]com/quote[.]exe,puttyx86.exe,FALSE
2/8/17 14:57,d54cbf5ce327b431599bb3349fbfcce79dfc3b7d0984cf5312f2e82f8aaf5659,https://legacyrealestateadvisors[.]net/brats/remmy[.]exe,puttyx86.exe,FALSE
2/8/17 14:57,fe4764d27898eb5b742b528dbea18a17379168ae6085d73141020247b311e217,https://legacyrealestateadvisors[.]net/brats/remmy[.]exe,puttyx86.exe,FALSE
2/8/17 11:14,2829dff25c56a0c846fcb6660fe7ae588547de10b0c6593552d2dc00da3bff2b,https://d[.]filebox[.]moe/wsziea[.]exe,MicrosoftOffice.exe,FALSE
2/8/17 11:12,618eb6f2b62b5733c85a2b7e5b4045b6c3a96ae17d603c27564bacc3f39ddb8b,https://dl[.]dropboxusercontent[.]com/content_link/4AH7Cb3hkdJH0aUrStjHyTreenP3QwCmjj9hBYVFBsvN5JKmZGh8xwCTjbc2L36A/filedl=1,client.exe,FALSE
2/8/17 8:22,ac9422ea15551e184cec7f045f30d2908d9982386e10167fb1192ffa8f85d136,http://b2[.]ge[.]tt/gett/5clwzii2/client[.]exeindex=0&user=user-zCObsuUUdkJOYQwnUIXMVrRmy8p1pIS2Qeysc-&referrer=user-zCObsuUUdkJOYQwnUIXMVrRmy8p1pIS2Qeysc-&download=,client.exe,FALSE
2/8/17 4:49,4341daa74b3559e2d7a45f7438bb2eed19bee89f9ff472dcb587fe4d11b85f38,silverisikgaz[.]com/inc/Invoice[.]exe,Invoice.exe,FALSE
2/8/17 3:10,3eb7d1cde959d3d542fc776093e8f4eb38a84c70628a210ec71e66fb523994f4,http://182[.]255[.]5[.]201/~bemkmund/two/files/yg[.]exe,msoffice.exe,FALSE
2/8/17 2:54,dd95e22b2776fb8b2d8df44ec21e051eb75e8c38efc72c927d2784590b6c9023,http://182[.]255[.]5[.]201/~bemkmund/two/files/evg[.]exe,pdoc6.exe,FALSE
2/8/17 2:34,eb1f5cabe8e225239215fd105bc5a3e66c40484d92801e9a6ff7cd31223c88f0,http://182[.]255[.]5[.]201/~bemkmund/two/files/jiz[.]exe,msoffice.exe,FALSE
2/8/17 2:25,9978483f6babf385071a5de354205379569a1c19e7f8471134ecabaad226f7c3,http://umiyatubes[.]com/pdf/html/x86putty[.]exe,puttyx86.exe,FALSE
2/8/17 0:07,2e60ccb47bc73367ad0bc41fe067ff83988eae6c0bb3faa6d0e56e49e783d11e,https://ovrload[.]ru/t/1904_overdue_invoice_from_new_flight_charters[.]exe,1904_overdue_invoice_from_new_flight_charters.exe,FALSE
2/7/17 22:58,681254c61f8c908fea51db72e8d36a2644c44f0771d37293e0c2570e52e3ae9b,http://182[.]255[.]5[.]201/~bemkmund/two/files/KB[.]exe,msoffice.exe,FALSE
2/7/17 22:06,e61e63555fb4ddeccb7ce9850f69625666c5ba2e5cb68855359d63785f46c852,https://a[.]sinister[.]ly/gqwesk[.]exe,puttyx86.exe,FALSE
2/7/17 21:12,083893acda7907f62ab87fe42426324266ba4cdfab4c3b589765cde83abaee9a,https://p[.]fuwafuwa[.]moe/lvygst[.]exe,puttyx86.exe,FALSE
2/7/17 20:58,b5cde06bac9a5ab8639d2b77ad1f08ee2c41df83c935d049c5c784e0698a94c9,https://fuwa[.]se/p/kgd8g1[.]exe,kgd8g1.exe,FALSE
2/7/17 18:46,bca094184dd15a37eea746d418a074cea5864b278438d99f469903120a0230ab,http://182[.]255[.]5[.]201/~bemkmund/two/files/chiisom[.]exe,msoffice.exe,FALSE
2/7/17 17:46,511f2892e59ffee7449aae2890c3d0f70cc63de42cd6345c6c5d17dce264a7b1,https://optstroy99[.]ru/vendors/iwatermark/font/load[.]exe,load.exe,FALSE
2/7/17 17:35,fb4d9612f8b0add2708ded4a0fecc6eec2bfbafcb5bb04fa680cddb0284b30da,http://182[.]255[.]5[.]201/~bemkmund/two/two/aagogo[.]exe,puu86.exe,FALSE
2/7/17 17:11,50f2eb7334911ae72bf041e7aa89f9529a2ac8c350be1f7e544334d1879b9867,https://u[.]teknik[.]io/pzN6j[.]exe,puttyx86.exe,FALSE
2/7/17 16:24,cc6ec061a61d3c3f912a4d8fa4576fb93b56bc8d5e67b510ad813af3aaa96e50,http://182[.]255[.]5[.]201/~bemkmund/two/files/fatha[.]exe,msoffice.exe,FALSE
2/7/17 16:14,cb6efbb5a00668fb762096f8642588385d6cbf9beaddc88cc7f0eb7bbc367f67,http://cdn[.]dosya[.]web[.]tr/N2jebM/slayed[.]exe,FisFJAnfaf.exe,FALSE
2/7/17 16:10,61702291955b8738b909b1c02f3f07b6e4aba156ad23dac7eefa37d85d34bf9e,http://182[.]255[.]5[.]201/~bemkmund/two/files/oki[.]exe,msoffice.exe,FALSE
2/7/17 15:37,2a7e591a1904e4cb69069cfed02aca360999a32b40b87044a4deefc3f1e2999a,https://a[.]cuntflaps[.]me/O2zRK[.]exe,O2zRK.exe,FALSE
2/7/17 15:18,022b950339342fdd91ea9e38460490c6c9339298ca050edd6bfbf57b2d07cc01,http://182[.]255[.]5[.]201/~bemkmund/two/files/gaga[.]exe,msoffice.exe,FALSE
2/7/17 14:05,b93e10ae8e6af7230c2bf254886b541d7aff76e56b2bc0b6428705c66cbf39d2,http://182[.]255[.]5[.]201/~bemkmund/two/files/tonyy[.]exe,msoffice.exe,FALSE
2/7/17 14:04,1c0e524e9d13adfad8150e71beeb9c3a3f500db630b0db4a1fb98cc00482fc54,http://182[.]255[.]5[.]201/~bemkmund/two/files/ne[.]exe,msoffice.exe,FALSE
2/7/17 14:02,084d3a4bc57f531c81cc8b022a9f4cd112ee29ae978af1965c09be8dc596a731,https://a[.]cuntflaps[.]me/ui788[.]exe,ui788.exe,FALSE
2/7/17 13:39,bca560dfc9aa8f9d5b94eba6cbbc072110914cf613461eeb88fa2a0c7875d88b,http://182[.]255[.]5[.]201/~bemkmund/two/files/bo[.]exe,msoffice.exe,FALSE
2/7/17 12:51,ea2916b352c45e6b849c565edb2019276b52faf0c8874324232e1de9b32a1965,http://pomf[.]nyafuu[.]org/files/vhqcue[.]exe,puttyx86.exe,FALSE
2/7/17 11:14,727cd9318d08698edbc35e46dc51f3110f1d11fce8ba59e3747ac4c75a69ef0b,https://fuwa[.]se/p/YqUmBR[.]exe,YqUmBR.exe,FALSE
2/7/17 10:25,cbf035e64ca7bb0411d3688e3d9dc0c1284be1a33563f9ef8255718354a9b620,http://leader-techtw[.]com/chiko/list[.]exe,NEWORDER.exe,FALSE
2/7/17 8:53,47763100186ad7c8c37f8c52284448935a687d57ba9a64d421ea82277035bd98,https://fuwa[.]se/p/WtpvmX[.]exe,WtpvmX.exe,FALSE
2/7/17 6:04,ed2880f803b6afd984ff2dd918565061a306009e0d3f9e8e8fa6d10c71061071,http://182[.]255[.]5[.]201/~bemkmund/two/files/user[.]exe,puttyx86.exe,FALSE
2/7/17 5:52,9e8044e15bb15c01a3d9b4c917736d25301e3bc2db7b4a214d0461418b829a6b,http://www[.]pelcal[.]com/ioncube/notepad[.]exe,notepad.exe,FALSE
2/7/17 5:22,a1013a3d93a804f714dc5dc072e6789760670e9303461cc455b6b47925c4d7b2,silverisikgaz[.]com/order213[.]exe,puttyx86.exe,FALSE
2/7/17 5:15,7f651e264ff49fedc437ec138e81e5683e579a5d886a31b217b1d847b6fb1d0a,http://185[.]163[.]46[.]150/software[.]exe,puttyx86.exe,FALSE
2/7/17 4:13,8dcf709b7bac3e1fab9b6c3972a498b66d5ce428a5c9b3c9203076d7f156c431,https://d[.]filebox[.]moe/lxdve[.]exe,winshost.exe,FALSE
2/7/17 3:51,ff78472875ae828febb8e3b99e081843ed7113bd126599e45397d40beabcf25d,http://182[.]255[.]5[.]201/~bemkmund/two/files/fresh[.]exe,puttyx86.exe,FALSE
2/7/17 2:06,481a21258f5c362ecf46729c86d05536a4fcd69254dab4c24bedaeedf163322c,http://silverisikgaz[.]com/9760495[.]exe,puttyx86.exe,FALSE
2/7/17 0:36,8dc29818e27189c9f171fd07e48b0b6ce187357c3941b81291b404f0d2d5e199,http://olujan[.]ru/x/setup1[.]exe,FsGsfVerg.exe,FALSE
2/7/17 0:18,4dc94274a7886fbb3d43147c1b7851a585be27ecc3c580207e8562901da198ff,http://nasrullahgazetesi[.]net/imicloudd[.]exe,imicloudd.exe,FALSE
2/6/17 23:17,541106986de1df87ddefff83ab54f1374b99afe98e315a1216946e6a48c61eb2,http://silverisikgaz[.]com/UT4839202[.]exe,puttyx86.exe,FALSE
2/6/17 22:39,bd7f08749ba40315536cfc59def42d5b95812a2e3dde42007a21b50d97b824c9,http://silverisikgaz[.]com/UT4839202[.]exe,puttyx86.exe,FALSE
2/6/17 22:39,db3540c48977bf100b5a66476a075694111766e3abe077aaa394641d389b5cba,silverisikgaz[.]com/new[.]jar_JavaCrypt2[.]jar,puttyx86.exe,FALSE
2/6/17 22:38,43294e2af57ff2d011852ff144144d8628791339d0c5fb6b8652b0567037ee80,http://umiyatubes[.]com/css/cs-folder/086xputty[.]exe,086xputty.exe,FALSE
2/6/17 22:11,050108a239f291fd684c1495fc82eea82f1833dc6f5fcda889b819066fe8630b,http://fgtk77[.]club/new/ochill[.]exe,puttyx86.exe,FALSE
2/6/17 21:43,42a2c5c457c05385e14ab18d6600c8dc6d92c54a740b61918ad35a70a10c0c21,http://nasrullahgazetesi[.]net/dcloudprivate[.]exe,dcloudprivate.exe,FALSE
2/6/17 16:46,97de9d7729bd7e03e9d116202a0b558805107af4780f2888e9f1d9ed24c216a7,http://182[.]255[.]5[.]201/~bemkmund/two/files/chibu[.]exe,pddd6.exe,FALSE
2/6/17 15:11,ad09c3b39db5b59cab736a1816810a379611904604d24322861f38291e3d4576,http://fgtk77[.]club/kunte/00000000[.]exe,puttyx86.exe,FALSE
2/6/17 14:08,f089be0dd97766c0528ee3affd56ec11479dc6baa806e5e87355db859a57d770,https://ovrload[.]ru/t/1872_ifa[.]exe,1872_ifa.exe,FALSE
2/6/17 13:36,fd5c62ea956e22fa09ff8120c3a117411a7f52caca7f1125a6ba6b38fa23891d,https://www[.]dropbox[.]com/s/6j3ziuwwezgob65/jazzynew[.]exedl=0,puttyx86.exe,FALSE
2/6/17 12:27,31c1da85e19510e9e2f7df6dc4a04fb94bf36c6c488359aaf5e8305eaeecd73b,http://fgtk77[.]club/new/ochill[.]exe,puttyx86.exe,FALSE
2/6/17 12:01,6effce9819004d9b29721d1a33297249967c231ec3e7fbdd9c9a8cfda8553056,http://fgtk77[.]club/kunte/kunte[.]exe,puttyx86.exe,FALSE
2/6/17 11:48,7524466b6152db66f0ee5fefe92e0bc24c17db14f5bc0167d7c367dde89bfbc1,http://fgtk77[.]club/new/222[.]exe,puttyx86.exe,FALSE
2/6/17 10:12,d8c9e3dba2b4ceba6d6ae7af77d63e57e79199d3cc6e9789d5573c7e3fcfedb6,gateway[.]glop[.]me/ipfs/QmYJBiUwiTuwEDYYnCAXpNDgWCkw7yrrJWFSsVd4C2fSnr/cryptedfile[.]exe,puttyx86.exe,FALSE
2/6/17 9:25,04090645b09140b1fbb30436d9f28a6a01989b0abb5ec0d16b36543f52555128,http://shiawase[.]nu//bin/Payment[.]exe,Payment.exe,FALSE
2/6/17 8:14,f69eed2adf8c9f3a2593455b25d20d3b52bab09010213a89ffbfba33edd69248,http://www[.]pfirsterer[.]com/chrome/chrome[.]exe,chrome.exe,FALSE
2/6/17 7:38,8fcfe89c728b085544fc888a8e2c3b1083aaa14282b7239790b613b6eecc7c50,http://cranetruckllc[.]com/hdcd[.]exe,hdcd.exe,FALSE
2/6/17 7:05,596a4c0f8901add6f38d016f63409ec15f0739fcd16e20a349ef8846946ceb46,http://ekorobot[.]com/test[.]exe,puttyx86.exe,FALSE
2/6/17 4:47,cd73c062279de8add01a9bde66b8bd40a5d319d9567f48f4e7ddef897efa6cd0,https://legacyrealestateadvisors[.]net/brats/remmy[.]exe,apple.exe,FALSE
2/6/17 4:31,0ae35d0e70893750cf6e4c6852f951d6f3630e1f0f4e5884802cd039c7f7419a,http://cdn[.]dosya[.]web[.]tr/OAM7ky/crypted[.]exe,SbieCfajgac.exe,FALSE
2/6/17 3:16,6d33d67e7d5acc9fc2aa217be537994ee896276e83af794ebfb4da20db7f021f,http://149[.]56[.]65[.]124/~packingm/mr t/obcrypted[.]exe,obcrypted.exe,FALSE
2/6/17 2:59,26c0d61891cff16d301a3f7993d7d11f3479d54363da5959c926da61a21c97d2,http://securedserver[.]website/des/naijahacker/naijahacker4[.]exe,naijahacker4.exe,FALSE
2/6/17 2:10,8aa820fd81471d8eb72230c9ec717fde2d7490faa2daca1e8ddc4fe5437282fb,http://www[.]pelcal[.]com/ioncube/oshis[.]exe,audiodriver.exe,FALSE
2/6/17 2:08,8fb97c5cbedf986d831c126c1f38e7c6595a4cff14a73ad6ea2cbc43b7322449,http://fgtk77[.]club/new/1111111111111111111111gpj[.]exe,puttyx86.exe,FALSE
2/6/17 1:10,630c9c6747703ae2dd3c4d6bb3b5e4400f390196406cfa69869b8e477548d9d0,http://islandrenewableenergy[.]com/Temp[.]exe,puttyx86.exe,FALSE
2/6/17 0:45,64f7500b02779cdce34777061c6afb195b891b2d613cd856ee13537f50eac503,http://fgtk77[.]club/file/AAAAA[.]exe,puttyx86.exe,FALSE
2/6/17 0:27,490dab9ea85f45030c5309bd2356b11f030814ac24705bb42a29f04d84a0401d,http://fgtk77[.]club/file/PO003834834[.]exe,puttyx86.exe,FALSE
2/6/17 0:13,6fe13b8398d92b80bcc83176b54f00a830fcffb20746a5b9f5df06ad4a965679,https://fuwa[.]se/p/k4vl6-[.]exe,myfile.exe,FALSE
2/5/17 22:10,aca99c93849bf4e084c33f2c3865b59e6f7df82ca93c78b554b0cc0622b911a0,https://a[.]sinister[.]ly/gpwrhn[.]exe,puttyx86.exe,FALSE
2/5/17 15:30,fb0811c548b9ac6d4d452b81f107049a3ddce72b75a2d879e1a8727824205639,https://a[.]cuntflaps[.]me/wmeBu[.]exe,wmeBu.exe,FALSE
2/5/17 14:01,0755ad39e00af5e51b0a9ea8e89daa57d7b52d3cc53d0be35ee6d1274d114f11,http://nasrullahgazetesi[.]net/netusg2[.]exe,netusg2.exe,FALSE
2/5/17 12:21,992cc3c055a6a258269e0ff1c7e73b233623d9c46c84212e28477aeaabd1053e,http://cdn[.]dosya[.]web[.]tr/OAM7ky/crypted[.]exe,SbieCfajgac.exe,FALSE
2/5/17 10:41,5db9f2eb04c4ee7432e0fc002c030dfb07e7c330fe27c4ef27aa8159e1740923,http://cherngrow[.]com/admin/e[.]exe,puttyx86.exe,FALSE
2/5/17 9:18,000f890a7335b32afbc728527ab9fab72aee3e39d078fb4f753defe550f3072a,http://cherngrow[.]com/ochill/PAYMENT[.]exe,puttyx86.exe,FALSE
2/5/17 9:14,79be1400858f3eae4dfaf26b30a39b92712f31b2f4c40d828b0713f643602854,http://cherngrow[.]com/admin/tttt[.]exe,puttyx86.exe,FALSE
2/5/17 9:04,5bb9b6cc76674e3ffdbd114a6fa0a5af9a8a5cb3f3080d2d6337d08da4b8faa0,http://cherngrow[.]com/admin/000009393[.]exe,puttyx86.exe,FALSE
2/5/17 2:39,61a0ec0cd742524713213fb2c9d42e46fa38b061c11d3e585969407c02b1f836,http://silverisikgaz[.]com/drzoa[.]exe,puttyx86.exe,FALSE
2/5/17 2:36,a58a64fce0467acbcaf7568988afc6d2362e81f67fc0befd031d3a6f3a8a4e30,https://legacyrealestateadvisors[.]net/brats/remmy[.]exe,remmy.exe,FALSE
2/5/17 2:36,8e6daf75060115895cbbfb228936a95d8fb70844db0f57fe4709007a11f4a6bb,https://legacyrealestateadvisors[.]net/brats/remmy[.]exe,remmy.exe,FALSE
2/4/17 14:38,db84948039e0d561740a4150ab864ddf59a20ece64691b65774dd0fb8f52be0e,http://olujan[.]ru/x/setup1[.]exe,FsfJFnsg.exe,FALSE
2/4/17 8:10,b6bfcdcc90b4b0ac0cc45ae45cb9e297cdb7b033abd7eb93509ee47aabda7792,http://securedserver[.]website/downloads/desmond2[.]exe,desmond2.exe,FALSE
2/4/17 4:40,331f6743c7bc880f7536afa3dd818e461493858c1feefd7c71cb051ac0403ecc,gingerbail[.]cc/stubs/beta01[.]exe,beta.exe,FALSE
2/4/17 4:39,930a3cb2a87062407dcbebc5c8c40686298636ecf5b427aa9751062927ee6069,http://gingerbail[.]cc/stubs/insomniac[.]exe,insomniac.exe,FALSE
2/3/17 23:07,ecf778fb1a184b9feb0ca08b347d1d7bd365a417ca2cf5dcdcb64b69acf0df65,https://a[.]sinister[.]ly/clgrjq[.]exe,puttyx86.exe,FALSE
2/3/17 22:05,548f3c5c2fdb81e3fae964d4d55e4cd8086655ee6a29f25c74801f6e2fabf575,https://a[.]sinister[.]ly/feopzj[.]exe,puttyx86.exe,FALSE
2/3/17 19:10,3b484807ce2e1937c0b4e3988e4f8be5de630b174755354b4ff11f7eb94af75e,https://u[.]teknik[.]io/84AIZ[.]exe,puttyx86.exe,FALSE
2/3/17 19:10,ff999d84b70559bdff007a83a2f31ac1e757492f90ab128f48298b991a884e61,http://pomf[.]nyafuu[.]org/files/tvgrcx[.]exe,puttyx86.exe,FALSE
2/3/17 17:10,60f568e2bd900c474f372340359a92dde74374ca6b7279050950bb838ddbdeda,http://octaneswiss[.]ch/wp-content/plugins/Paymentcopy[.]exe,puttyx86.exe,FALSE
2/3/17 8:49,eb372fe2e809efa5b1d3fa895ec3645068eae55f76eef4c12faa1208ed6bf960,http://193[.]150[.]15[.]21/audiosound[.]exe,audiosound.exe,FALSE
2/3/17 2:10,0c0fe7f705db5bf402a978a14cf83a21c3169bafbba8eddbd4c4eacdefc17707,https://legacyrealestateadvisors[.]net/brats/remmy[.]exe,apple.exe,FALSE
2/2/17 23:41,abd025fbf953bb09afdf2d8aa850f18c215fc636ec71150e1b3f8ec51aea3549,http://nurmalanasir[.]id/image/cache/data/_output7F586F0[.]exe,MAIN.exe,FALSE
2/2/17 14:41,9bf7d9b43218c83c32b9e013dd30ab262eb38fff9ec35503dafcd1dca4d3a837,http://nurmalanasir[.]id/home/Files/mavro[.]exe,mavro.exe,FALSE
2/2/17 10:36,fda7452225c2164a587354de0ec7d1942864177e891a4fae95e4b1f3863d54cd,http://www[.]califoniadrugrehab[.]com/css/mastrica[.]exe,putt.exe,FALSE
2/2/17 9:25,6429cf5b826b355f5599f4b68438c776a870fc3f13db227af806f918a7e32193,http://www[.]herkai[.]com[.]tw/assets/img/winprppSen3n1drscv[.]exe,winprppSen3n1drscv.exe,FALSE
2/2/17 5:55,7dc2a09870f2371d03273d20a8c3def3447441aa65d32b220547b5f08f7f17c5,http://182[.]255[.]5[.]201/~bemkmund/two/two/fresh[.]exe,put54.exe,FALSE
2/2/17 5:26,b922b3a2c4d48e1a80a38a8c64247e321cb1a2b76281501b171f70ddd80fbabe,http://182[.]255[.]5[.]201/~bemkmund/two/two/user[.]exe,put54.exe,FALSE
2/2/17 4:11,7611f23d92e7b1c8e2bf958e901d72a370ae9c62cf57382c08a64acf24835334,http://www[.]mymixload[.]com/mypolyseal[.]exe,puttyx86.exe,FALSE
2/2/17 0:52,f0f27fdfc2ab49eb015589f7854e960317f8e4423b5d1a93855e55a5add6c74f,https://ovrload[.]ru/t/1780_shigo[.]exe,1780_shigo.exe,FALSE
2/1/17 23:21,3d568183a8127dd04c7ade48eaf86a887885dfe5517445e3d22b41d5f060540d,http://www[.]eu4youth[.]eu/images/foto/done[.]exe,configs.exe,FALSE
2/1/17 16:12,02178cd1068a988da106e7cc6a5a5a1c28d394b22c93278f2e2074e6ad0efc5e,http://triumphptx[.]tk/exp/tes[.]exe,MgTrade_Order003546.exe,FALSE
2/1/17 15:48,b8b04284b99a02a95e4ff6795365aaee495859b38e7ba030bb19e226e83b0104,http://194[.]8[.]253[.]91/oshis[.]exe,puttyx86.exe,FALSE
2/1/17 13:50,08f47256ecef1aca7ae9ba47eef47096897250219fa2ef930ad32255a72bd3ad,https://d[.]filebox[.]moe/qfpzrp[.]exe,qfpzrp.exe,FALSE
2/1/17 9:03,c756e0cac410fbd60f8d5da92da2f1fa514c47515a810f5293c05b3ca358400b,http://wesleynow[.]com/126D330[.]exe,126D330.exe,FALSE
2/1/17 1:28,a057bcd2b15e14d1edee1a58937d8a979f8292557d47edad407a78f1c7773de7,https://cloudup[.]com/files/iC3shgCgSuN/download,puttyx86.exe,FALSE
2/1/17 1:04,2a2e45cb5202d3aeb4a4e54eaa424e32b4b21e37a360362050a1968d59fc4e18,http://securedserver[.]website/downloads/desmond1crypted[.]exe,desmond1crypted.exe,FALSE
1/31/17 0:37,82ee13c954fac2517d92bcc3157b4480d8070ffa7506aa624c34da12275b5f79,http://olujan[.]ru/x/setup3[.]exe,FsfhGff.exe,FALSE
1/30/17 11:17,4550036b193ce2a473dafda0c4dd17c2ffad0ff5484844c10bf2a93b43b66d67,https://a[.]cuntflaps[.]me/xbVDY[.]exe,xbVDY.exe,FALSE
1/30/17 2:10,6562a04c225da1a45d8d62e61d24fb095752067b371371a01d4caedaebbbc947,http://182[.]255[.]5[.]201/~bemkmund/two/two/agogo[.]exe,puttre.exe,FALSE
1/30/17 0:58,76d7e80a29da0afe77c31d2207554a5be4dbb138b12192663922fecfbc0b0d43,http://olujan[.]ru/x/setup1[.]exe,FsfhGff.exe,FALSE
1/30/17 0:23,10d6de23a28eee6873f3974446d07cc2b5b9051dc28a6f88c193c2b45e245979,http://182[.]255[.]5[.]201/~bemkmund/two/two/yg[.]exe,puttre.exe,FALSE
1/29/17 22:05,1d2115671fe9090d33aaaee33c3a1d05084f4eec1dc2d887a29dc4bc7bb67d4d,http://182[.]255[.]5[.]201/~bemkmund/two/two/figure[.]exe,puttre.exe,FALSE
1/29/17 20:41,ea604c3f1b668a871f4c6fbf61666f5bed3d697bb50ea7ce4d2378d626ad36ee,http://182[.]255[.]5[.]201/~bemkmund/two/two/elber[.]exe,puttre.exe,FALSE
1/29/17 19:26,fc174f1f74e624d0482166d9a5cdd97c55cdd6f067eb574dc4e59d60157b9e57,http://mansarover[.]in/xploit/order[.]exe,puttyx86.exe,FALSE
1/29/17 19:05,9238127e4e0f2676d4dc408fc32af399c72a39eb9e1259ea78437ca4f3d2a8c8,http://182[.]255[.]5[.]201/~bemkmund/two/two/chisom[.]exe,puttre.exe,FALSE
1/29/17 17:56,c428ceade682de0a9cf375bad9306ee1741c768ed53ca39d145963db5b8acabc,http://182[.]255[.]5[.]201/~bemkmund/two/two/bobby[.]exe,puttre.exe,FALSE
1/29/17 17:31,9f1353509e02fcafd9aaf4a651ebff726f1696fd505e536d5651b69546f10ff7,http://wizoffers[.]gr/css/88888[.]exe,puttyx86.exe,FALSE
1/29/17 17:31,1737ec8b7c537ff952ecd32af4a27f536da1a0c626d263a2b2a62560b55a3723,http://wizoffers[.]gr/images/9999gpj[.]exe,puttyx86.exe,FALSE
1/29/17 17:11,0a7677cc9f25b5cf32e26acf14af089f858733ad6a151ea0b9d8f1b827926664,http://uploads[.]shanatan[.]moe/ubnnoj[.]exe,ubnnoj.exe,FALSE
1/29/17 16:39,ca8ae024ad040b4997f2b7f4c49e7110c92ecf1c61552894ebd8fcb8fbb6e089,http://182[.]255[.]5[.]201/~bemkmund/two/two/whesilo[.]exe,puttre.exe,FALSE
1/29/17 16:28,2f5b544761372ae112d0d1a97920d068866859e98b832dc15c4c2a96c4db6460,http://nurmalanasir[.]id/home/Files/crypted[.]exe,main.exe,FALSE
1/29/17 16:10,1541bdf51b2ec277126a2033b70fedbdc51dce84ded25fc91c33716f5ccd2398,https://spymenowornever[.]com/output[.]exe,FdfhdfF6.exe,FALSE
1/29/17 16:00,35546f38939d049a553f49ba6d3af5899c3a378814fb085f6aefa1b17e7732c9,http://182[.]255[.]5[.]201/~bemkmund/two/two/okilo[.]exe,puttre.exe,FALSE
1/29/17 15:25,2201fe7b6a055aadb74b9bb46cff3c58329e657d8ed8a419b975bbe51e0d09f5,http://nasrullahgazetesi[.]net/kintosh[.]exe,kintosh.exe,FALSE
1/29/17 15:06,c9b5d0ed7ebc4560e34de6900f539d97cf22a4e5eff08ecfdc1ef092f5a71ca4,https://www[.]dropbox[.]com/s/w7b4aqh9gkolfjk/order547[.]exedl=0,puttyx86.exe,FALSE
1/29/17 14:54,ad382f75edb6c4b5b076eff7f35b675f5946d54e2c93f57049f14b345850562b,http://182[.]255[.]5[.]201/~bemkmund/two/two/ike[.]exe,puttre.exe,FALSE
1/29/17 14:07,eb96771e1720825fe4a34c368e7195804e387750c8b840b6229b5f62ee0a9faa,http://www[.]bodycraftcrashrepairs[.]com/tmp/sklip[.]exe,sklip.exe,FALSE
1/29/17 13:51,5578a2cb2603f1b45b5dba020e37e4bd2c7c3a48903abd917ff2c6722db2dd07,http://d[.]filebox[.]moe/rchnz[.]exe,rchnz.exe,FALSE
1/29/17 11:59,971e4ebadb1725900d58b4f50120ab5dd7adeceb74c42d23d8f67e1b9537c128,https://d[.]filebox[.]moe/vhzkwd[.]exe,vhzkwd.exe,FALSE
1/29/17 11:33,c889d2b8b88424f643783ffbf09a313b70934694d80093e4f5e2e2e00ab50fa2,https://www[.]dropbox[.]com/s/fwom7piv1pvap2y/BUILD[.]ZIPdl=0,puttyx86.exe,FALSE
1/28/17 6:34,afa0a4508257f7cd4c3ae8e909a5c6d747494c4effdd138e43cbe8fc9638fa4e,http://wizoffers[.]com/companies/Systemgpj[.]exe,puttyx86.exe,FALSE
1/28/17 5:16,05c7c66d4e8ac62863b69134194de65217cf21ad03727d1923cc157d91a9c865,http://wizoffers[.]com/form/uu[.]exe,puttyx86.exe,FALSE
1/28/17 5:00,ed7ea97f7eb26fc4cf6db83809c90bf86f74c58302682873dff841b77da9274b,http://www[.]bodycraftcrashrepairs[.]com/tmp/Sclnt[.]exe,Sclnt.exe,FALSE
1/27/17 22:43,19da0c7bdaadcafa7cefc1ef8b8c975335be28ce7d041465f2acd004536a8b51,http://wizoffers[.]com/companies/Systemgpj[.]exe,puttyx86.exe,FALSE
1/27/17 13:02,9032cd9787d17831462d404795211ca96db214bba3774dc847de2260439d37ae,http://www[.]bodycraftcrashrepairs[.]com/tmp/serv[.]exe,serv.exe,FALSE
1/27/17 9:50,e71f20a491f1c9ea0d0cf65a4d309fea2ce7bd0b7693f7cd3f1ba2ef1a9ebf5e,http://wizoffers[.]com/beta/AppleInc[.]exe,puttyx86.exe,FALSE
1/27/17 9:16,6ddc5d612572c7f1013299c8fc800d42219c4ecada3a31ec377bf1903200a8f6,http://194[.]8[.]253[.]91/tommy[.]exe,svchost.exe,FALSE
1/27/17 4:16,d5fd7b1a7798fa7a15846e949b1e1ec685268fa05c74f68735a9cb116e082c6c,http://182[.]255[.]5[.]201/~bemkmund/two/two/chisom[.]exe,pdoc.exe,FALSE
1/27/17 3:11,1f0bcc01933dda7215e48e3c2617ce5aeb9dbe274350071f108dbaa25bdcd0ea,http://182[.]255[.]5[.]201/~bemkmund/two/two/elber[.]exe,pdoc.exe,FALSE
1/27/17 0:07,27608e5b40d60b73d044255c6977faed969feab83c0688d9eb1799d439a6e38b,http://182[.]255[.]5[.]201/~bemkmund/two/two/turbo[.]exe,pdoc.exe,FALSE
1/26/17 23:34,1c1cb02ee3d27433ee3cc7142c30465e0b36985f694f7402640e1d9a358d1e95,https://a[.]sinister[.]ly/lyqipf[.]exe,puttyx86.exe,FALSE
1/26/17 23:10,2d2f17cd023c8b16f041c7d33c0b80bd90b8798eebfdb1c8fa0f19bba2d34054,http://securedserver[.]website/downloads/desmondfudfile[.]exe,desmondfudfile.exe,FALSE
1/26/17 18:40,7b1be5d80c4f6719e795c3a6593f44dd6b39837495c348855432e1e5cd3780ea,http://etlco[.]com[.]sa/mail/invo1[.]exe,puttyx86.exe,FALSE
1/26/17 17:37,519b382b0bcd3b1c1c3163e0de8cc8e444e14495af3038a8beadf24b1444a0c9,http://www[.]bemkm[.]undip[.]ac[.]id/two/two/notes[.]exe,putdoc.exe,FALSE
1/26/17 16:59,2a3e44e8a24243c93449c110752eec13bfd370ff4e046c3c66735644ebff9217,http://182[.]255[.]5[.]201/~bemkmund/two/two/ike[.]exe,pdoc.exe,FALSE
1/26/17 16:03,c7e7f68b6cc1634f881c8c31d37d3b008443e5fbfbb2ebaec0c772cb67521742,http://182[.]255[.]5[.]201/~bemkmund/two/two/okilo[.]exe,pdoc.exe,FALSE
1/26/17 14:32,4dc3f6a6e561df0e83badccabd6fada4ef8b4648446d95f1767ebbf26ccf250b,http://spymenowornever[.]com/output[.]exe,FsfjBFsg.exe,FALSE
1/26/17 14:03,45262f52cb75935d852222d1a4df5359e8d8a47bc0ffd5d5c0a09902db8c05ab,http://spymenowornever[.]com/output[.]exe,FsfjBFsg.exe,FALSE
1/26/17 14:03,1b3cdce5d10dc3037c212ca35bff62bc10f11dff6aaa8e318672623c6511f5a7,http://spymenowornever[.]com/output[.]exe,FsfjBFsg.exe,FALSE
1/26/17 13:23,678a3b036a8cdcc455c2ed046c0370f0b78f674796246ef2e008755bbae92395,http://ecepmicro[.]com/logs/P0000000_pdf[.]exe,puttyx86.exe,FALSE
1/26/17 13:21,89383cbaf26a3482af85186e3b2f05643f44115ab474f27dd523eafdc1353ad9,https://d[.]filebox[.]moe/jkffgw[.]exe,jkffgw.exe,FALSE
1/26/17 11:42,4016cfe2b7d9622cb4a311a0328b1e924b571ce417d08cb2bff4f6ee81b67875,http://ecepmicro[.]com/cli/RFQ-PO8800[.]exe,puttyx86.exe,FALSE
1/26/17 11:42,2304e877076200b9399fd44094b9d4e3a43566b10a3930c0b7e47b6b006711d3,http://ecepmicro[.]com/language/RFQ-PO9900[.]exe,puttyx86.exe,FALSE
1/26/17 11:05,eeaae3eb23591c2499ce9591c58137f5ef238cd6343f76bdaf85e71ef2b63ac6,http://silverisikgaz[.]com/advice[.]exe,puttyx86.exe,FALSE
1/26/17 6:10,fb23a618b96ad77e549fca8c855d15a4d08d2c36da1b4ea4ba49b6318a64c741,http://www[.]bemkm[.]undip[.]ac[.]id/two/two/declan[.]exe,pudoc32.exe,FALSE
1/26/17 6:00,19dd5f3f92ccf031b6dec6e2a36ad2840e5f64da7baf8242cbd852b57b82e12e,http://194[.]8[.]253[.]91/conho[.]exe,conhost.exe,FALSE
1/26/17 5:52,dba72200feb439a86dc9a98b873ea8dbaa99a5bdc2bf5b6396cee08a95c70b3e,http://194[.]8[.]253[.]91/oshi[.]exe,Audio.exe,FALSE
1/26/17 2:09,be7d0b2cbaff65a41eae7c800501f641ae350b0bd5b30eed054d3c92b55acc3a,http://149[.]56[.]65[.]124/~tslnaxcc/STANLEY/hawk raw crypted[.]exe,hawk raw crypted.exe,FALSE
1/26/17 0:47,21fedfce7acd6ad0a83e92fc4502f3ff7fabf84fd14cf1ecbd1defc3abe9dba4,http://www[.]bemkm[.]undip[.]ac[.]id/two/two/figure[.]exe,putdoc.exe,FALSE
1/25/17 23:58,760fca005bfcf756d94b26c3333d13eb434a129799e004b041915f97af28e785,https://y[.]zxq[.]co/preiuq[.]exe,preiuq.exe,FALSE
1/25/17 20:09,f0a75d7da4c056677ce6e9f249bdd3f4db15e72888cd3d6360edfcb56b516f5e,http://www[.]bemkm[.]undip[.]ac[.]id/two/two/polish[.]exe,pudoc32.exe,FALSE
1/25/17 19:44,2911894da525351a0bc0d92d4c1e0d8291a72334443f492137c1cb98c0ec9234,https://a[.]sinister[.]ly/bgvjnj[.]exe,puttyx86.exe,FALSE
1/25/17 19:30,ea729bf77162ba824daa0bcea1aeab1f01c5ac908507a6f623283ba744305574,https://a[.]sinister[.]ly/uuiqkn[.]exe,puttyx86.exe,FALSE
1/25/17 19:29,f87d6eccccefed1a7080b0696d6a6bc0736c49d1108ac86656d60047a58a1d7c,http://hrindia[.]co[.]in/zeb/zebb[.]exe,zebb.exe,FALSE
1/25/17 17:55,dbebd5f4ec48eaf82d1496a7cf79b1c68c3c083a2b706e91e1a76c35782ea01f,http://hrindia[.]co[.]in/wb/done[.]jar,done.jar,FALSE
1/25/17 17:30,754428b4b5c55fb32ab6cd67e782bab0df5a3d34455ffa5a3cea905ca5d5540e,http://www[.]bemkm[.]undip[.]ac[.]id/two/two/agogo[.]exe,pudoc32.exe,FALSE
1/25/17 16:31,cfc8531c6bc6bfd1042afe51e2916d7553513f505dd5aa162b0659db3a734dc6,http://tech-hub[.]ga/chiko/byte[.]exe,NEWPO.exe,FALSE
1/25/17 15:32,7889eef540cb1723cb721f06c037b1ea0d2f455a1a79eb9e54dc38ec17d63695,http://www[.]bemkm[.]undip[.]ac[.]id/two/two/whesilo[.]exe,putdoc.exe,FALSE
1/25/17 15:29,50ba33ef5e12e41724316a3e745ff8ab6397b2f2bc7a6fd5408f6310f29c7ed2,http://nasrullahgazetesi[.]net/payment[.]exe,payment.exe,FALSE
1/25/17 15:27,dace85da07457e688792d12266713f4cb1f29a071de3aa375c357f3cac0e7d0c,https://d[.]filebox[.]moe/flmic[.]exe,flmic.exe,FALSE
1/25/17 14:39,f03edc28b64fda1c52866deffc991f12a0121835b04a7bbbfc883c0018325932,https://d[.]filebox[.]moe/ruubzf[.]exe,puttyx86.exe,FALSE
1/25/17 12:58,7583d39b9340fe38f8fc22f6dd107ec1cb7fef45ac2d455e28a9cd7cc112f975,http://cherngrow[.]com/admin/PO999900[.]exe,puttyx86.exe,FALSE
1/25/17 12:15,5908bec491cf2525b7be04b4ab977cdbfe693deea3a368bcefe9be1dd9ac0a1e,https://d[.]filebox[.]moe/oqsgm[.]exe,oqsgm.exe,FALSE
1/25/17 12:10,ccfc011a3efcb86af5cd7bd6e7739cfb49e897d8fc3590cf0864d9202a649d59,http://pdfonline[.]cc/P0[.]jar,puttyx86.exe,FALSE
1/25/17 11:17,369d582e7628d4018b67bd798772c78707d7daeabb1d587a9cc717c216cfbfb4,http://runescape-help[.]site/downloads/book/explorer[.]exe,explorer.exe,FALSE
1/25/17 11:15,56302e88bc7097c68940cbbfc2f8d8ff902a1c9f17f2c2820f1f6600c9acbfd7,http://bitcoin-help[.]online/downloads/book/explorer[.]exe,explorer.exe,FALSE
1/25/17 11:14,3234002e4e6a2751ffdd7e5942fd1f0ad0e24849d92e1001de15eeb4364b5709,http://191[.]101[.]22[.]95:8412/snowix1[.]exe,server.exe,FALSE
1/25/17 10:14,cc53358c39d95d4033facf5798490314cdc638402cabffa79e1f167369c3cdd1,http://149[.]56[.]65[.]124/~jahalele/abj/tydanj[.]exe,tydanj.exe,FALSE
1/25/17 10:02,bba88376e1c74cd68d117e1260543f2a5d1e96fffdf476a1a5104107823c0c93,http://www[.]pelcal[.]com/ioncube/server[.]exe,puttyx86.exe,FALSE
1/25/17 7:18,af829900c2d9411190c5292146d40e94700bee53f03b47a494583c142877c549,http://ridart[.]ru/components/figure[.]exe,pu457.exe,FALSE
1/25/17 3:09,b3a50b1ac1306e4b5a1f85fd1bd2d92a865689fcb79fd9796cf274d83799ecc6,http://securedserver[.]website/downloads/desmond1crypted[.]exe,desmond1crypted.exe,FALSE
1/25/17 3:02,146967fc07c28238ab75259b47152f669907f80a112c0f0cb30e4b1cc3ae480b,http://geobas[.]net/ab1[.]exe,puttyx86.exe,FALSE
1/25/17 2:56,00c0d99bf5b1db7c596c853ad355749f2c88228d029ac01974d83a3b40a38abb,http://www[.]bemkm[.]undip[.]ac[.]id/two/elber[.]exe,doc6.exe,FALSE
1/25/17 2:01,7aa20474d2407ff60935968578f15adaf7d3e76ec6bf5b7dd72c180d6c672f35,http://ridart[.]ru/components/figure[.]exe,pu457.exe,FALSE
1/25/17 1:57,231203981243169cb93f91a365e85bcad848f3cd6c368560d3354d7c408a6f45,https://a[.]sinister[.]ly/sorkpq[.]exe,puttyx86.exe,FALSE
1/25/17 1:36,d803d6c84148188e31f5c11a6e311607e2640d6715df1b258ce716c6b4933fc7,http://ridart[.]ru/components/bobby[.]exe,pu457.exe,FALSE
1/25/17 1:36,76cd820bd057def1554d60342e6714a5688ff5f9e3fa5e5210d631a9b2bab38a,http://www[.]bemkm[.]undip[.]ac[.]id/two/figure[.]exe,putdoc.exe,FALSE
1/25/17 1:33,258d53813ef31cb7e13b5b73185a5a1d455b4372c2367166ed166b7a9623414b,http://www[.]bemkm[.]undip[.]ac[.]id/two/polish[.]exe,pudoc.exe,FALSE
1/25/17 1:31,1de83b5621e33df80d6f3fafa53d217aad7a7914e8ee64fd811319c12b527a49,http://www[.]gilmore-design[.]com/newsletter/images/2n1zubgfeytygh[.]exe,2n1zubgfeytygh.exe,FALSE
1/25/17 1:09,0ed4202d08d2cfd6c13279f4492647db8cadafac42d40e6b7c269224806268b3,https://a[.]sinister[.]ly/wokuon[.]exe,puttyx86.exe,FALSE
1/25/17 1:00,d9bcc6b4a6e3592d65324dfa0d544af039daa8764f9481392668f5a5088923e6,http://www[.]bemkm[.]undip[.]ac[.]id/two/okilo[.]exe,doc6.exe,FALSE
1/25/17 0:29,878d0e516db00b6849b8d3d68866d1b4348ef354703bd04b3e4170def326846d,http://149[.]56[.]65[.]124/~packingm/mr t/Host[.]exe,Host.exe,FALSE
1/25/17 0:20,06d911b98113ac5d314b5cba0672adbb734da87e79d60bbe8af877902f8641db,http://www[.]bemkm[.]undip[.]ac[.]id/two/jizzy[.]exe,doc6.exe,FALSE
1/24/17 23:05,45e9a0ba70cd8d54a22a8bad908e0cbce7d8e991a7788944e55dcb4937bff26a,http://nic[.]kovo[.]vn/samo2[.]exe,myfile.exe,FALSE
1/24/17 22:31,668eb8a11afcb514547dc68a30d78b87ce2d70694d4ef7843ef805064bfc1732,http://www[.]bemkm[.]undip[.]ac[.]id/two/declan[.]exe,doc6.exe,FALSE
1/24/17 22:13,f8473865b7975f051a9627df3ecb814931e9bdd67a1fffbfe996cd492a27953b,http://149[.]56[.]65[.]124/~packingm/mr t/Server5566[.]exe,Server5566.exe,FALSE
1/24/17 20:36,ae438110ffb876eb87688d6d433c4fa5ebf1c8c904d36ed1b4347edf11dd1bb8,http://194[.]8[.]253[.]91/files[.]exe,file.exe,FALSE
1/24/17 19:45,d96770c1baa9c27ba4d3524faf32b592775e9965c7e1a5b3ce87c111c9c168b6,http://www[.]bemkm[.]undip[.]ac[.]id/two/yboss[.]exe,doc6.exe,FALSE
1/24/17 19:15,57fce4d1674a635ac6a8e7e55bcf662b2412f46f5cef54f7327b6591ae12f38c,https://d[.]filebox[.]moe/spfkp[.]exe,spfkp.exe,FALSE
1/24/17 18:54,18daaa8d1d55e495c68911168833b0c59ab45366131f5e89b17eced326c2d305,naafa[.]com[.]au/mavro22[.]exe,quotation.exe,FALSE
1/24/17 18:31,1a3aa1d5fc51cddd45e6eb810d5e21cf53bdb04d1610706616b18a930ce7ecef,http://www[.]gilmore-design[.]com/newsletter/upload/images/sena2n1jhsd9ahd[.]exe,sena2n1jhsd9ahd.exe,FALSE
1/24/17 15:54,bd2d07522d875325596a130222584efd7c8d1e7dc3ab561d7a81a6d1fa132e9d,http://www[.]bemkm[.]undip[.]ac[.]id/two/polish[.]exe,doc6.exe,FALSE
1/24/17 12:49,48ec4554fed689756ec96fee96d2df5a1278c8634247e1badf3a303db863c775,http://149[.]56[.]65[.]124/~packingm/mr t/obycryptednow[.]exe,obycryptednow.exe,FALSE
1/24/17 11:56,4bcd65296d8e336badf54b91a8e92eb1ca5a3916e3b400c5dbf9dee49e025330,https://d[.]filebox[.]moe/jzwsib[.]exe,jzwsib.exe,FALSE
1/24/17 8:45,4b22005d903d19a6f6f1432ef212e1175d832a016f4a4b5f259d0a6d599b9e74,http://ridart[.]ru/components/figure[.]exe,pu457.exe,FALSE
1/24/17 6:45,ae156cc412fde981124d163816e8dd58353a29a4a6aa6b0bd94e986259a4db3d,http://www[.]gilmore-design[.]com/newsletter/images/2n1zubgfeytygh[.]exe,2n1zubgfeytygh.exe,FALSE
1/24/17 6:00,1801a834dd2177071a07077a59fc3201203af1d59f105a2b3106b6c52f071c29,http://www[.]gilmore-design[.]com/newsletter/images/3n1freezkdjishxmp[.]exe,kuty3n1skjdshhjs.exe,FALSE
1/24/17 5:27,33eb65b660e19076c21d5cddb3dfb571c817bd7d8d86e77a5c7b2166d6f35f7f,http://www[.]gilmore-design[.]com/newsletter/upload/images/abz3n1hgfredfdgh[.]exe,abz3n1hgfredfdgh.exe,FALSE
1/24/17 5:23,44045130cac8e40a7bb292b71c720e9222b96a73b20b5a986afb6bc7c5c7cd59,http://www[.]gilmore-design[.]com/newsletter/images/kuty3n1skjdshhjs[.]exe,kuty3n1skjdshhjs.exe,FALSE
1/24/17 5:16,1ae1192f218cb2477ac1db0d69012af4b8c9f650e611f5a777f8cc26aeddcd30,https://a[.]sinister[.]ly/shhbap[.]exe,puttyx86.exe,FALSE
1/24/17 4:23,88f6ec007f78d147f2eed72e0a1ef9c105b96885e69b09d57b22dd63059c11b9,http://www[.]gilmore-design[.]com/newsletter/upload/images/sena2n1jhsd9ahd[.]exe,sena2n1jhsd9ahd.exe,FALSE
1/24/17 2:54,034261b74904485fa468946bbd19d13245995bdd8faa6e53b67d36647c5b81db,http://www[.]bemkm[.]undip[.]ac[.]id/two/agogo[.]exe,putty446.exe,FALSE
1/24/17 2:30,867b3dc7bf1aadc3da8f883cf9ad103ea8f27c69506e9157095dcda27319647f,http://www[.]bemkm[.]undip[.]ac[.]id/two/alpha[.]exe,putty446.exe,FALSE
1/24/17 2:28,a5c2bd70f2e254e290910851ab71a80ce96b8c8e06b67ee5f39d1f5186e3386b,http://umiyatubes[.]com/css-php/86xputty[.]exe,86xputty.exe,FALSE
1/24/17 0:33,f15df954100f68221e1d9dda365957ab8212b7dcfa592be1d40361f1e9a20562,http://spymenowornever[.]com/1/agent[.]exe,FjdnjFfSf.exe,FALSE
1/24/17 0:18,cef9e946e03c1d28948c2a735b6955f158830798cd063080534e142e0025ce64,https://jii[.]moe/ryopIt4vx[.]exe,puttyx86.exe,FALSE
1/24/17 0:02,c8173dead1667392d18047651bc26a452c06f92f2a1070d3801382253fed4320,http://www[.]bemkm[.]undip[.]ac[.]id/two/mi[.]exe,putdoc.exe,FALSE
1/23/17 23:53,5f8b5b778784ba0e308c48670d07ebf4e02bd44c824a9040e0af011444aba5bb,http://ridart[.]ru/components/mi[.]exe,pu457.exe,FALSE
1/23/17 23:47,472d0acd81d8ce4407a9e827ca8c67c5b57a2e9ae3518268309ab0b02ef27880,http://geobas[.]net/doggy[.]exe,puttyx86.exe,FALSE
1/23/17 23:43,686b1d75e764198d3c7609c6a3e579f368213d118fdee99bdb0b062a50c83aab,http://www[.]bemkm[.]undip[.]ac[.]id/two/figure[.]exe,putdoc.exe,FALSE
1/23/17 23:43,b085bd56f41f9ea40597726eabfded69ef7045b28a9e5500ba5c6462e49396a7,http://ecepmicro[.]com/cli/Apple%20Inc[.]exe,puttyx86.exe,FALSE
1/23/17 23:38,8ba50f4c383b59de919a1c0d5c92ae0d6a364f8d747ebf0448c8dda810cf7cf3,http://ridart[.]ru/components/okilo[.]exe,pu457.exe,FALSE
1/23/17 23:37,29befcbadcd330a7bd83d03d3f2b84ac37dc285b54aded1b1baefbc795dbd5fb,http://ridart[.]ru/components/whes[.]exe,pu457.exe,FALSE
1/23/17 23:31,67ecae39256e22e8f7f8907ce5424c3980f88f1b85519a851bc31f169cbb3632,https://www[.]hajcon-group[.]com/chrome/msword[.]exe,outlook3.exe,FALSE
1/23/17 23:26,0ea831c6b23a6d5b28fd15ea49a9d5b06f3622eaebcce502b5edf2d980d6aaf1,http://ridart[.]ru/components/jizzy[.]exe,pu457.exe,FALSE
1/23/17 23:23,a1bc70b419140823e7a208d8479f066ecfafbb2d5139bce2d6612b2e1d54138b,https://www[.]hajcon-group[.]com/chrome/msword[.]exe,outlook3.exe,FALSE
1/23/17 23:22,21ee02451c30c1ee78fbff5cee39decd318413c860059d6f596e59fa14af7531,https://jii[.]moe/H1JQvE7we[.]exe,puttyx86.exe,FALSE
1/23/17 23:20,c6fc38e5d487c2fdd61ad0c8886c3f8489cf05e95f8ee6c5cc23b92da5c06b97,http://mahostech[.]com/credits/Sales[.]exe,Sales.exe,FALSE
1/23/17 23:20,b24efb0865a4552ac487db9fdbfaf0099a2b1fb3eff959c6fd74fa1ccc56d6ae,http://ridart[.]ru/components/alpha[.]exe,pu457.exe,FALSE
1/23/17 23:20,f98d104f65fc9f56b039e24a00b86d47087f7d862de4d9864d169f91ab0d0a53,http://149[.]56[.]65[.]124/~pioneerf/humb/hum[.]exe,hum.exe,FALSE
1/23/17 23:19,7ae5652dbd2746874dbf0caa76ad9d2844a6d797b835492651dab260d9a1da6a,http://securedserver[.]website/downloads/desmondfudfile[.]exe,desmondfudfile.exe,FALSE
1/23/17 23:17,49dd797eba20988a88f1805b90c0b757515b1210cd1efae8715a9336f4b498b1,http://144[.]76[.]106[.]114/~ridartru/components/sees[.]exe,puttysa.exe,FALSE
1/23/17 23:17,a6e95fa3d568f9971b2451d6e93424702e2c36bfe666ed7daa4a487e03c6ddee,http://149[.]56[.]65[.]124/~jahalele/aba/abda[.]exe,abda.exe,FALSE
1/23/17 23:15,cb9e1585296e380ed747b81a187443ed50b63a38cc337a72d08b47c8c3974b37,http://nasrullahgazetesi[.]net/10998687[.]exe,10998687.exe,FALSE
1/23/17 23:13,05dc4c48d11498acfb0bfe00a2dd379c94c622b7ee83e821678ddd923b871968,https://www[.]hajcon-group[.]com/chrome/chrome[.][.]exe,outlook3.exe,FALSE
1/23/17 23:12,42b0de8000b53fa2e8a57d43ca162fa14e696468423acb759085cb4d28b08029,http://149[.]56[.]65[.]124/~jahalele/man/mabn[.]exe,mabn.exe,FALSE
1/23/17 23:10,92d59f5d644d506473d976f388c14532b31162fc26d74508076dc98e5b4e06fd,http://149[.]56[.]65[.]124/~jahalele/abu/smis[.]exe,smis.exe,FALSE
1/23/17 23:09,06627eb7ad02946f5f72ec9d8e3c082700862b54a2af21ba1af00764dfb6deaa,http://securedserver[.]website/downloads/desmond3[.]exe,desmond3.exe,FALSE
1/23/17 23:09,3403dc5d67e60c0b783dcb3270581c3ba0539187802b20a6d4755a7443d4d65e,ecepmicro[.]com/images/abiga[.]exe,puttyx86.exe,FALSE
1/23/17 23:03,eceb93bc8c93b74b035d4f357e4b683cd28b44a2388e3d0352b4d23a41c581aa,http://149[.]56[.]65[.]124/~jahalele/dog/dgy[.]exe,dgy.exe,FALSE
1/23/17 23:00,bb2ae6e442150212853d62c317ded957c1b6b8eaa4f245ddbf525ae8aa25a6fa,http://www[.]bemkm[.]undip[.]ac[.]id/two/ike[.]exe,putdoc.exe,FALSE
1/23/17 23:00,df00dbb0568a1935cfbcb8158bf79f9c73cb50c8f3409930d802c491a4ec9599,ecepmicro[.]com/new/77[.]exe,puttyx86.exe,FALSE
1/23/17 23:00,a4250a3f00e565a3d748b931bc31050f91882a90c25a46624cb8215022a018e9,http://geobas[.]net/fuji[.]exe,puttyx86.exe,FALSE
1/23/17 22:36,88157c814cc267b76e0ec76cb14f3a773070d44f563ae9fc7f9df1bba84126f1,http://www[.]bemkm[.]undip[.]ac[.]id/two/declan[.]exe,putdoc.exe,FALSE
1/23/17 21:40,33d57a710a0ba647c40b55285e750aba17a66a24e868da688650e4e250398d1e,http://ridart[.]ru/components/bobby[.]exe,pu457.exe,FALSE
1/23/17 21:39,7e85751bb2750223a690407583c45dc12c72cd1de51ea1f20e9717b1c44c5e92,http://www[.]intlsystemsgrp[.]com/chrome/chrome[.][.]exe,outlook3.exe,FALSE
1/23/17 21:39,1eb204a1d168b1c68e3fc12c1a62246b695b5c954961c58264e40041acd59516,http://www[.]intlsystemsgrp[.]com/chrome/msword[.]exe,msword.exe,FALSE
1/23/17 21:20,186d581213c903e871987289bdc604fdd09ea01a08584fd897460aa64bbe9975,http://bitcoin-help[.]online/downloads/book/explorer[.]exe,explorer.exe,FALSE
1/23/17 21:19,f8fd1dbe6e8a4b93de88aca5aa2e10b449d910bd3dfd0e68db339ca9246d2514,http://vibe-blog[.]ml/mega/zela[.]exe,NEWPO.exe,FALSE
1/23/17 21:01,6fbed82ea53f8aa6a38bf79eec71a4f5b849802137ae885f25f3b41c08f2d643,https://a[.]sinister[.]ly/acsxsw[.]exe,puttyx86.exe,FALSE
1/23/17 20:59,bbba46c18faca8dff4be9b41b0b3f18b41712028ffc0e9a3de8b2338489e8237,https://a[.]sinister[.]ly/okoque[.]exe,puttyx86.exe,FALSE
1/23/17 18:48,b898bb7e86a37621487547194ed75943b9b44de0ae0402b5b843b68bf3469abf,http://www[.]bemkm[.]undip[.]ac[.]id/two/turbo[.]exe,putdoc.exe,FALSE
1/23/17 17:12,34b8bc9bda31fea0fdf464314498183aab49832e64ee38f441c7ff410fea5147,http://hrindia[.]co[.]in/wass/updated[.]exe,updated.exe,FALSE
1/23/17 17:12,84d3b2304038dc33e6e305fa879ad2304ace463b27168d1dfb1f5769fdb48b5c,http://www[.]bemkm[.]undip[.]ac[.]id/two/chisom[.]exe,putdoc.exe,FALSE
1/23/17 16:31,4d491eef5657017638c200bdf52064479b740016b04352fb8c3da282d993cae5,http://geobas[.]net/nnanna[.]exe,puttyx86.exe,FALSE
1/23/17 14:37,5dc2fa069bf5542bea376b67d0ac845b97a70e2e1eeaac8b28a6a3a2d790ad91,http://naafa[.]com[.]au/images/testimonial/Quotation[.]exe,quotation.exe,FALSE
1/23/17 11:38,270a46c36d7fd94a3aedb89aac851c32cc69f3de3d3d5c09c8330b23ed64d69e,http://hostedges[.]com/load/work[.]exe,update.exe,FALSE
1/23/17 11:36,30cf9c7282042015e499868633338c216120da498f15b43200ebfc7ff07e82ee,http://www[.]esteticpark[.]info/zap/acc/man_vicboy[.]exe,puttyx86.exe,FALSE
1/23/17 7:50,c5e95fcbbaeaeca9f09f632e942ca8ad042d790d663fafc897c761e0751da8e0,https://www[.]hajcon-group[.]com/chrome/chrome[.][.]exe,outlook3.exe,FALSE
1/23/17 6:36,b9294ca53f59f42189c8ee06666f5312fcd36a193176a4c842e395c6924c700f,http://149[.]56[.]65[.]124/~pioneerf/chakus/kus[.]exe,kus.exe,FALSE
1/23/17 6:30,718b1265593d018eca7afc992b376de411c321a4d9f720d749c25ca0a37e0735,http://securedserver[.]website/downloads/desmond3[.]exe,desmond3.exe,FALSE
1/23/17 6:11,e56c2f73077ade9d3c7569d00bf751b8aa5b7fc8922441194134f184967564dd,https://a[.]sinister[.]ly/xfkjsb[.]exe,puttyx86.exe,FALSE
1/23/17 4:19,fbc93dce5f4a7fdaf3139b61d91c1dafd138745a97d6a0b7471344371b34b553,https://jii[.]moe/Hy6aHJ7we[.]exe,puttyx86.exe,FALSE
1/23/17 3:09,24700efaee044979a8ce422eceafc06fe3b5d097796a07747205d1c1c17874ec,http://149[.]56[.]65[.]124/~pioneerf/iyke/iyk[.]exe,iyk.exe,FALSE
1/23/17 2:55,d7f8e0ca7486930a5335f3177ca8b5f4b621c56ce6e394889fa92a37b0db1aac,http://149[.]56[.]65[.]124/~pioneerf/master/maxt[.]exe,maxt.exe,FALSE
1/23/17 2:19,6b95268f3aa54e070d0e9d82bf14d825e3319d3facbd2c4d560fb1e854f59e82,http://144[.]76[.]106[.]114/~ridartru/components/yboss[.]exe,adobe.exe,FALSE
1/23/17 2:14,f7cc5ff2473fc76317c8696601ca1536fc8efac46589b87bb9c96a0cef8dcb15,http://149[.]56[.]65[.]124/~pioneerf/humgee/hguy[.]exe,hguy.exe,FALSE
1/23/17 2:09,3371b022c35f1764c6ac779ad71163d8051af8a31022ef9a69d8962b94dcf8dc,http://149[.]56[.]65[.]124/~menahous/chrome/tt[.]exe,tt.exe,FALSE
1/23/17 1:47,e7c93cbc83585bf9856cc08f79be997d35ebd334e2a2a5a3d8dfca7012e7c17a,http://149[.]56[.]65[.]124/~jahalele/man/mabn[.]exe,mabn.exe,FALSE
1/23/17 1:43,30e0d396a52d8989ba9a30ac4e875f2603f65d5e14f5c1a88abd1e2e7579e092,http://149[.]56[.]65[.]124/~jahalele/abj/tydanj[.]exe,tydanj.exe,FALSE
1/23/17 1:38,60717666febd4a32e79803735c520fceb3cb2c5ba9b5a51f0545b9796e5272db,http://ridart[.]ru/components/jizzy[.]exe,pu457.exe,FALSE
1/23/17 1:34,70b03c7a48ebbced0cda49ce398197229d75118a1ea9301a78a736a579349e74,http://149[.]56[.]65[.]124/~jahalele/aba/abda[.]exe,abda.exe,FALSE
1/23/17 1:16,02ec81a2f3dffa8925aa36ccb133739034cfd0eeaa0dd78ca4b2abeb37bada0b,http://149[.]56[.]65[.]124/~jahalele/abu/smis[.]exe,smis.exe,FALSE
1/23/17 0:59,3613db48edbd1d1cfe40798a1c122b1d3a36ed17012024cb579a602cf1c3fa51,http://149[.]56[.]65[.]124/~jahalele/obi/obei[.]exe,obei.exe,FALSE
1/23/17 0:44,6f94f2cbadf224274f5c5e6bfc99c1fc52f638226722538ad60841443cd54aa3,https://jii[.]moe/Hy4yZ17Pl[.]exe,puttyx86.exe,FALSE
1/23/17 0:25,955b908ea82edac5379278b6446cabe2f566af0cf91ab32d91abe7000894a853,http://ridart[.]ru/components/okilo[.]exe,pu457.exe,FALSE
1/23/17 0:23,9dcc2e7fd4ed5051c95babe79b52b95aedcd4b7ed5063beebb4271615fe93a89,http://ridart[.]ru/components/alpha[.]exe,pu457.exe,FALSE
1/23/17 0:21,453b4445bcc435c18ab5302f37f75d1d34ac0140bcdad01a871cd9be1879c8e6,https://jii[.]moe/H1JQvE7we[.]exe,puttyx86.exe,FALSE
1/22/17 23:28,e431bc1bacde51fd39a10f418c26487561fe7c3abee15395314d9d4e621cc38e,http://ridart[.]ru/components/mi[.]exe,pu457.exe,FALSE
1/22/17 23:21,496f283ef421567e8b2e9e899fe2244619546c3927854e20b8aab33c5e39b9a5,https://a[.]sinister[.]ly/ynmcar[.]exe,puttyx86.exe,FALSE
1/22/17 23:20,df2244dea989e84f137ceb4cc228e9d707cc25a4dab91d92b2780ed8aff23f5a,https://www[.]hajcon-group[.]com/chrome/msword[.]exe,outlook3.exe,FALSE
1/22/17 23:20,1f44103b26a56a8bcfc96bd3995d0ede86b03a9e7349a19b80f40ab17598bbae,https://www[.]hajcon-group[.]com/chrome/msword[.]exe,outlook3.exe,FALSE
1/22/17 22:45,1f451b05a8b3eb16d0c57ddcf14f5593012f4086deacfdfc398bf312086f496d,http://geobas[.]net/doggy[.]exe,puttyx86.exe,FALSE
1/22/17 21:50,856f73e991443ff3ef54c14b5107a4002913c62c4f726404dc765777f1acce48,http://ridart[.]ru/components/ike[.]exe,pu457.exe,FALSE
1/22/17 21:44,c418066f4cb250b6a6f1e07e061027bbc929979b9e386e0b7abef794f88cf106,https://a[.]sinister[.]ly/wmwgrl[.]exe,puttyx86.exe,FALSE
1/22/17 20:34,56140817a4ccbb38787e864637212f1042e9a6e050778c03e28d7b7ac69d96a7,http://esteticpark[.]info//click/cc/_output6284F70[.]exe,puttyx86.exe,FALSE
1/22/17 20:25,ce9fd7cf55ea386e3b60cc32f47f8d79761b763acbd40ca48ee939e316136db7,http://naafa[.]com[.]au/images/testimonial/Quotation[.]exe,puttyx86.exe,FALSE
1/22/17 18:28,98c98bbea84059e1adf408c3f84f0639a4afcd9a23d8b266afd70a140d847f77,http://geobas[.]net/fuji[.]exe,puttyx86.exe,FALSE
1/22/17 18:06,b431d43b0967dd369be5335efd4a9f0ca8d3a7d3a912f369d150c4470079915a,http://mahostech[.]com/credits/Sales[.]exe,Sales.exe,FALSE
1/22/17 16:50,d2fbbd891399adc3e5815655aae27d2fdc2cba68806561f8af029bd0c45b1edf,http://vibe-blog[.]ml/mega/zela[.]exe,NEWPO.exe,FALSE
1/22/17 16:17,b898425c57552c62639d0dbeb294c3a477d7f7193a1b7d29d8f6b98dc64a3337,http://ridart[.]ru/components/agogo[.]exe,Docx86.exe,FALSE
1/22/17 15:15,dd8b52a6aa670c060b1a6a2e9c0645d5176d1f4962f0fffe61a1896e80ac7986,http://144[.]76[.]106[.]114/~ridartru/components/sees[.]exe,puttysa.exe,FALSE
1/22/17 15:12,112db9f25481e7d43cb62136a6b5f25639d36c8499978c10820622d88c6c4e48,http://ridart[.]ru/components/whes[.]exe,pu457.exe,FALSE
1/22/17 15:12,84cb95831d4213bef12b07e6a31fa5f4cbdb9b662daa18376e10fcdbac3b56d3,http://ridart[.]ru/components/umbro[.]exe,pu457.exe,FALSE
1/22/17 13:45,aab1837ce7cdae799e96b58e8f29a7ee54d0e44f03104a94f0232716757fccf8,http://nasrullahgazetesi[.]net/10998687[.]exe,10998687.exe,FALSE
1/22/17 12:35,b2d753ed62f487d1edc939149575f123230b2e3270e9a3fa2a9a80ef955d5bad,ecepmicro[.]com/images/abiga[.]exe,puttyx86.exe,FALSE
1/22/17 11:48,f532ac89399439ec4fa8a241ee2f1f2ac0cd325d9a4bbe63c610a65e84d00496,http://ridart[.]ru/components/pure[.]exe,pu457.exe,FALSE
1/22/17 11:12,eba11f6872c6accc6a40950ced82b10da8731d1009124f8e23bca97287400dca,http://ecepmicro[.]com/cli/Apple%20Inc[.]exe,puttyx86.exe,FALSE
1/22/17 11:12,30286c616636609cb606d61c961e6690251dd92e99fffa3d24487f66c3ce3868,ecepmicro[.]com/new/77[.]exe,puttyx86.exe,FALSE
1/22/17 10:51,153097f20b22ad43ca6706f4a5f070a92247807d74839efaaa06106e2ce46299,http://ecepmicro[.]com/components/ochill[.]exe,puttyx86.exe,FALSE
1/22/17 7:03,137f39f6fd19dd8c987294052c6e5c10419612c9b47dd46908506cd7f5ffa437,http://geobas[.]net/doggy[.]exe,doggy.exe,FALSE
1/21/17 10:03,347773de8dbcc073fcbe9e09e6855668914767cae43030ccd98f2a1ad221eeb4,http://nasrullahgazetesi[.]net/UsdEuroBankDetails[.]jar,UsdEuroBankDetails.jar,FALSE
1/21/17 3:26,82345224cab02af37d734d03c397fe747fce675ec1f21d83e3e8a70e1ef7f0fe,http://hrindia[.]co[.]in/wass/docsx[.]exe,docsx.exe,FALSE
1/20/17 21:10,1fb9a68f2d986f8a0c07282854d6e8a407e20afcebe1d72e0f49c26f602c1dac,http://hrindia[.]co[.]in/wass/docsx[.]exe,docsx.exe,FALSE
1/20/17 17:44,6d486fd5baac7c1a861cc9f835627be1248b80299d6e59d284496b08fc390e22,http://mahostech[.]com/client/RB3k[.]exe,RB3k.exe,FALSE
1/20/17 11:07,699c8cdc90d2d8dacc18f66376d1fbeec941201d8dedafd1f526bdcb3244bd58,http://bodycraftcrashrepairs[.]com/tmp/sercv[.]exe,sercv.exe,FALSE
1/20/17 8:32,4a3e409ad096a98bc86de8df28463a7f5f668889989ede629b71553507fab1e8,http://194[.]8[.]253[.]91/javas[.]exe,javas.exe,FALSE
1/20/17 5:44,145482643df73740e382038da4b760eab29de5341626dc14a67dcc02defdd8f1,http://194[.]8[.]253[.]91/AudioDriver[.]exe,AudioDriver.exe,FALSE
1/19/17 21:43,165030b8f7c6947e3ee9beeb94d73426c45747c31c7aae2c2104efe5e5fd0104,https://a[.]plexle[.]ru/file/1484890382_0[.]37398900[.]exe,puttyx86.exe,FALSE
1/19/17 19:42,fe0f17968ed5c161a4990869903621f8856df2e185645f8bc77ce681ea71da88,https://www[.]bsc[.]com[.]sa/chrome/msword[.]exe,msword.exe,FALSE
1/19/17 17:18,d136192c991fda4692bb1880905ffa34e2d5fce4d841267484c242085e70a5b2,http://mahostech[.]com/client/RB3k[.]exe,RB3k.exe,FALSE
1/19/17 16:18,3ef4130ed0f7c42e3eb9243b16261c8f55c85419f03acf29413bb785d20cd1de,http://web-upd[.]ga/mega/zela[.]exe,newpo.exe,FALSE
1/19/17 15:50,a81975d8738df71ef7bc579de819ffd95af7c1442bf004616705cb546719ab45,http://wizoffers[.]gr/images/1222[.]exe,puttyx86.exe,FALSE
1/19/17 15:10,549e285182459aa281b30a02f441ac41a0e92fc5528f98dfb7fa0a292b776eb2,http://wizoffers[.]gr/css/6666[.]exe,puttyx86.exe,FALSE
1/19/17 14:55,ef797c142b65ce646e9f4a02b96b633a428f078f5e72b24e41da5333c9c94679,http://blackstaticrecordingstudios[.]com/wp-includes/pomo/pony1[.]exe,pony1.exe,FALSE
1/19/17 4:15,cc00fcb6a386d96251763108acb92d37a6eb9a90bbe785c61dacf2ae98832d28,http://www[.]gilmore-design[.]com/images/AT_seun[.]exe,windowupdates.exe,FALSE
1/19/17 3:26,310540f40b84fd6bff7a67091b25628f3f17a9e08e83391edfd62f84983921ad,http://web-upd[.]ga/mega/quad[.]exe,neworder.exe,FALSE
1/19/17 2:21,0219b27a87b08e261dd174e0259a36df073928e3159fe3e5b620cee622e53d8f,https://www[.]bsc[.]com[.]sa/chrome/chrome[.][.]exe,chrome..exe,FALSE
1/19/17 1:38,09d3c7bc8fc1d838bc20c44a9c8e4232de66da6478139ff394396bb276e71294,http://mahostech[.]com/contact/Pament[.]exe,Pament.exe,FALSE
1/18/17 23:32,3cb00cb1f88e1ae7cb86cc04446cec1c3416758a70c27b5a69ac8262e6e34458,http://144[.]76[.]106[.]114/~ridartru/layouts/jizzy[.]exe,putty26.exe,FALSE
1/18/17 20:55,864be62c01ab12e824557f88e0076727d0746d7e6f112020371e1b38582fa81f,http://hrindia[.]co[.]in/wass/docs[.]exe,docs.exe,FALSE
1/18/17 15:17,8e99cd8c90a9525cd64f23eebbf261fe41abef98cfca391b3fb3b0ab246bb127,http://esteticpark[.]info//click/cc/tt_payment[.]exe,puttyx86.exe,FALSE
1/18/17 14:00,1e9413a59755658d02af41983c8a003c909cbb737ab45cae7c339f88f416fe71,https://a[.]plexle[.]ru/file/1484774446_0[.]21071000[.]exe,resmn.exe,FALSE
1/18/17 12:01,d649735db8d46e34cd484f495645bf250d0fe03fa2db467759034c32590c7008,http://wizoffers[.]gr/pony/77777[.]exe,puttyx86.exe,FALSE
1/18/17 10:36,769bbdf8e6f605f1e5fd5ce4d7c57e7769d66b1fc569bc694fa33643c0b865c3,https://www[.]bsc[.]com[.]sa/turkey/turkey[.]exe,cc.exe,FALSE
1/18/17 10:22,23aa5c168ab8da2d4a66b91dbcac97b7c2e6de0ab94efba14a9be4933122bbc5,https://a[.]plexle[.]ru/file/1484763142_0[.]55140800[.]exe,puttyx86.exe,FALSE
1/18/17 10:03,225fd663066626365d90ca6a26d457ca85ca5d0c1934b4f4401f683b6e994607,http://bodycraftcrashrepairs[.]com/tmp/sercv[.]exe,sercv.exe,FALSE
1/18/17 9:39,300145c023ba62e6377d4b84a1de4c0db9f8f3f1ab745cec2c825b6f8a6f56f4,https://www[.]dropbox[.]com/s/zutfn4cpacowmwb/NEW_INV[.]exe,puttyx86.exe,FALSE
1/18/17 8:09,0995df3fc3d92c73e118196cccff45cc3a6cf04709d05135dbf3a72454dd717e,http://144[.]76[.]106[.]114/~ridartru/layouts/turbooo[.]exe,put524.exe,FALSE
1/18/17 7:50,6e486301216e2fe6bd240991fcf605a5f5a9f15d202a5e39ee1b2701582a1b69,http://194[.]8[.]253[.]91/AudioDriver[.]exe,AudioDriver.exe,FALSE
1/18/17 7:38,004dfd55e009ff6f82b01c6ac46a824e0e23bfa635396cc6a2ae96b39ea85878,http://umiyatubes[.]com/php/csl-file/putty[.]exe,puttyx86.exe,FALSE
1/18/17 7:30,757b1e82512a3b17cfdf508a4d51e541e1310d741b8f8d72b54bdfc0012921ab,http://umiyatubes[.]com/php/csl-file/putty[.]exe,puttyx86.exe,FALSE
1/18/17 7:21,909b3db0452774a94c374a819656ece30ab9fa20db534f3d045dfe771ded10bd,http://www[.]pelcal[.]com/ioncube/server[.]exe,puttyx86.exe,FALSE
1/18/17 5:52,42c2a73a398e3e64ee114cdbf1feecf22b32622460b3291b5c1978f382847128,http://www[.]pelcal[.]com/images/server[.]exe,host.exe,FALSE
1/18/17 2:10,7dc9ba79c5992fdad04ef5a6db06288e4465b6a02f7b780f238539dd8798400f,http://wizoffers[.]gr/pony/77777[.]exe,puttyx86.exe,FALSE
1/18/17 1:39,970ce429d76a55f2be85b3013b107b0b824d11538692a6b91c784cfcde9e3e24,http://mahostech[.]com/client/Payment_nvoice[.]exe,Payment_nvoice.exe,FALSE
1/17/17 20:23,69c2ab18f15fd3f10391c759ef662bedbdb55a0a1537ec27e87bef900b390df8,http://149[.]56[.]65[.]124/~packingm/mr t/EmekaCrypted[.]exe,EmekaCrypted.exe,FALSE
1/17/17 19:33,2b337af43851d2816df02ba3390979561f7c60b8bf30014f9eb1fcd87018d3a5,https://a[.]pomf[.]cat/qtudez[.]exe,haroon.exe,FALSE
1/17/17 19:32,61d8ec365a77716119ec693e7b018f5cbc9fd835a8e014d7928663bbeaaa427b,http://suntimbers[.]com/Nirmay_Harry_LL[.]exe,monitor.exe,FALSE
1/17/17 16:24,9480dd471d23755480e1d30eaca77b74d15b7ee761eeff90288cabddaba3e7c8,http://bodycraftcrashrepairs[.]com/tmp/sercv[.]exe,sercv.exe,FALSE
1/17/17 16:10,7521b6bca6f8807e359917acc8465aa296cf2778e0d6ce95119675e3a6f987bb,https://abiefarm[.]co[.]id/files1[.]exe,puttyx86.exe,FALSE
1/17/17 12:31,098fdb4231e61f1809626ba6e9728d29a2ae3e47d230d99c95846373baa84f51,http://arcolermittal[.]com/bots/quad[.]exe,newpo.exe,FALSE
1/17/17 12:20,4e56c777862ced487b4dd2556886bd429187c3c1c51c1f51fcba52e2ae350e12,http://www[.]arnancoglobal[.]com/izu/dope[.]exe,newpo.exe,FALSE
1/17/17 12:11,d6a20ee0ac1e0b9a09894a7dd14cd4834bee901aab2dc3932ada6704a4782212,https://securehost[.]gq/darling/FinalPanda[.]exe,puttyx86.exe,FALSE
1/17/17 12:10,f7629b3f8b8cdbe1a7683cefd364fa985681c7ac300d629bcd307456f0210686,http://arcolermittal[.]com/bots/mega[.]exe,newpo.exe,FALSE
1/17/17 11:32,83fcacbb3c48732898d8da88b8a61d11b1e6a0eb9d75e7ecf0bc24bfa9c4d3a7,http://149[.]56[.]65[.]124/~tslnaxcc/stanley/stanratcrypted2[.]exe,stanratcrypted2.exe,FALSE
1/17/17 10:42,45b16dfa5a8a5ea5d327ba449e0e6856ec9641a547e3cab6e97faad8762919aa,http://nasrullahgazetesi[.]net/cloudprivate[.]exe,cloudprivate.exe,FALSE
1/17/17 9:19,7a999bf7faaa418ec561d90afad9e853b3cb5c2bfb279264ebb87dbe4c03fc43,http://149[.]56[.]65[.]124/~packingm/mr t/Host[.]exe,Host.exe,FALSE
1/17/17 8:02,b53cfc16f541447228dae57c44ff4cfd0de7d844b76b935f1df473b4928dcbcd,http://www[.]pelcal[.]com/ioncube/server[.]exe,puttyx86.exe,FALSE
1/17/17 5:11,9c35856b5e43a72a5fd26da2efa50f13c0d2e74e74787e75fa659eda14c5b855,https://abiefarm[.]co[.]id/ouroffics[.]exe,puttyx86.exe,FALSE
1/17/17 4:50,6ef1e1b42cda03e860dbc955c4d2ef39ee80339057caa2d916e36019a56a8721,http://149[.]56[.]65[.]124/~packingm/mr t/obiobicrypted[.]exe,obiobicrypted.exe,FALSE
1/17/17 3:44,8807a32895798d0490be84702c5a6041e760f1c4ea3c6dc725610622f522b327,http://www[.]arnancoglobal[.]com/jazy/maze[.]exe,PURCHASE_ORDER.exe,FALSE
1/17/17 2:12,c4d539cac987bbf4f1c052659b125924e3863e1f223015601cfad55cc5120a73,http://149[.]56[.]65[.]124/~tslnaxcc/stanley/stanhawkcrypted4[.]exe,stanhawkcrypted4.exe,FALSE
1/17/17 1:41,fdc54b337cca64a69c91310765f96ddac5e3838ee38227c9466be156f95ac435,https://securehost[.]gq/darling/RemcosKamina[.]exe,puttyx64.exe,FALSE
1/17/17 1:25,c7f60666a6ae7f405a314c85c675b547c248c9ee675f7895ccff82ff410312de,https://ovrload[.]ru/t/1440_thank[.]exe,1440_thank.exe,FALSE
1/17/17 0:38,c5fdad244ee826227a1ef1b1a6b41f9908978c8ea509329111232324b6cb8ff4,http://149[.]56[.]65[.]124/~tslnaxcc/stanley/tkcryptdtp[.]exe,tkcryptdtp.exe,FALSE
1/17/17 0:27,8203ffda9acceb1dfd5c204a1e1eeb119108f3d90609334b7647087666a18354,http://arnancoglobal[.]com/oga/byte[.]exe,PURCHASE_ORDER.exe,FALSE
1/17/17 0:12,aedf74c59df59b6bd21a362b42830bce79a32d438d5d86e144ddbbddaea0a0d4,https://a[.]plexle[.]ru/file/1484450958_0[.]84820100[.]exe,smjha.exe,FALSE
1/16/17 23:50,550e846de956c3f1ef7c33b18eb348aa5cb58df840c4102c2820ae7889b21a2c,http://149[.]56[.]65[.]124/~pioneerf/iyke/iykyi[.]exe,iykyi.exe,FALSE
1/16/17 20:40,2e5253715ead9b0f1634bbc87e70b8f7eec822b8c2b057c1a3f086522940ed39,http://149[.]56[.]65[.]124/~tslnaxcc/stanley/tkhakcrypted4[.]exe,tkhakcrypted4.exe,FALSE
1/16/17 18:12,3fe59e44803ea92e6c9d52401236edee6f483aaa27fb86203bad64b7018d29ff,https://a[.]cocaine[.]ninja/jcqalq[.]exe,server.exe,FALSE
1/16/17 5:15,99ab8c9e8975e35dba4a2ba2c77f12945ff8b4366b7740783533b91a4b1c1be2,https://www[.]bsc[.]com[.]sa/armani/cc2[.]exe,Msbuild.exe,FALSE
1/16/17 5:03,b1c2124ea0294d0a71edd19419ba9c53f3ccd9136b572c3e89631434600f51dc,http://149[.]56[.]65[.]124/~pioneerf/humgee/humguy[.]exe,humguy.exe,FALSE
1/16/17 4:36,35e8dd4e92d7e086e97885afd93db0177d500c34b5d4426e9506ada1ca18a14f,https://a[.]plexle[.]ru/file/1484548961_0[.]11263600[.]exe,shugar.exe,FALSE
1/16/17 3:32,ee701021ac43103ed3f42865c1032455ecd9ac018d83b3fa40f3181caca2bb3b,http://securedserver[.]website/downloads/desmond1crypted[.]exe,desmond1crypted.exe,FALSE
1/16/17 3:11,c2f6fb02bf4a3c748f2f705c433149b67fbbc9704fb1c9cf2306cd6fb116516f,http://diamond-sys[.]com/im4[.]exe,puttyx86.exe,FALSE
1/16/17 2:59,e62df717b111592ecb8de708a44b55e80e23630ec6a017e71014d3f899cefab7,https://www[.]bsc[.]com[.]sa/ddd/ddd[.]exe,msbuild.exe,FALSE
1/16/17 2:06,3a7516afc569fe3f8395cdfef9d56273ec969b744cd6309de60c43c8c22d605e,http://149[.]56[.]65[.]124/~jahalele/aba/abra[.]exe,abra.exe,FALSE
1/16/17 1:55,a90eb9cdfe48d31bc37cb84d88a293dfdeef28cb2ab565f791af9773589217e4,http://149[.]56[.]65[.]124/~jahalele/abj/abj[.]exe,abj.exe,FALSE
1/16/17 1:21,1e46ecf1bf8ab827ba21fd3f232a4a207c2f5dc4d189e265db128d2096edd404,http://technoengineerng[.]com/zero/etv/byte[.]exe,NewPO.exe,FALSE
1/16/17 1:03,8bc81261f71e440e12a9df0b553009ceffe810d6b4f3458bf0a7719f3421f20e,http://149[.]56[.]65[.]124/~pioneerf/master/mastery[.]exe,mastery.exe,FALSE
1/16/17 0:57,ea0e17138e93f12b2e8a8dea03a0d3766d797bf82aea06c899d0eebe1aeb388e,http://149[.]56[.]65[.]124/~menahous/obt/ofitreal[.]exe,ofitreal.exe,FALSE
1/16/17 0:43,1472e2964109c487037e8c16f8197f973042024273726958a6b5e16398c8278c,http://149[.]56[.]65[.]124/~jahalele/man/manyt[.]exe,manyt.exe,FALSE
1/16/17 0:35,08bd449814813b3099e82cb93890502465e87e81f47065e6e87844ee4fe8f787,http://149[.]56[.]65[.]124/~pioneerf/humb/humbler[.]exe,humbler.exe,FALSE
1/16/17 0:30,8c5428af6345e97c82d8304821ca8822a5727cfe84368e8acfc42109c32bfdfa,http://149[.]56[.]65[.]124/~jahalele/obi/ovbaiii[.]exe,ovbaiii.exe,FALSE
1/16/17 0:10,185b5ee47f4f8b09eb31a5def4ffcb726fe253a98ff2e4aa0e9ee34d0b3ea376,http://149[.]56[.]65[.]124/~jahalele/dog/dogt[.]exe,dogt.exe,FALSE
1/15/17 23:50,ef74a4932bbda679989ab0f89d519d4d8d23552a9977a2c97fc630955559e543,http://149[.]56[.]65[.]124/~jahalele/abu/abuuu[.]exe,abuuu.exe,FALSE
1/15/17 21:45,f2cca12fd435ca72c347a8fe64f8ec80bae3d9a1002fd4686cf0976836eac3db,http://149[.]56[.]65[.]124/~tslnaxcc/stanley/stanratcrypted2[.]exe,stanratcrypted2.exe,FALSE
1/15/17 17:58,0fcbda82704e091101f87ae1f7dad6cf112523cdfd34f27b2959a2cd4f8a76d2,http://securedserver[.]website/downloads/desmondfudfile[.]exe,desmondfudfile.exe,FALSE
1/15/17 16:33,e64789eb983752bf8744f0b9d25bd51eabe1ddf06f1b17dc220d4f60794f1da7,http://technoengineerng[.]com/zero/vibe/quad[.]exe,purchase_order.exe,FALSE
1/15/17 16:11,f06c97d0409fd8285f78ff09c70ffddbb83a5122737399c7718859e57e39dacf,http://presentsgift[.]xyz/atat/2017_01_13_23_05_665[.]exe,lkb.exe,FALSE
1/15/17 13:03,44f228cd9ff0c49b2cd20948f08e74385c63bbc937bf3a36b29a8087292811b3,http://fxforum[.]co/creditnote[.]exe,creditnote.exe,FALSE
1/15/17 10:10,bd25d12f45036401244df1044626953098689859e7d6d290e1d255822ba28137,http://suntimbers[.]com/Nirmay_Harry_LL[.]exe,monitor.exe,FALSE
1/13/17 14:12,fe3f7181f37b0b45923e69aa37b2dc795d7f3b3d43e4f8a6da87ba9e2cfb8116,http://www[.]pelcal[.]com/jss/pdf[.]jar,pdf.jar,FALSE
1/13/17 11:33,08e88a68be46815c6259025240e418b597049f6beee3a2bb32b65ac172df27e8,http://arcolermittal[.]com/jizy/maze[.]exe,NEWPO.exe,FALSE
1/13/17 1:11,d61cf0db408ac7c196330664e0ca85642b519cb9ec12ef719a3dfd3ccac8823e,https://a[.]pomf[.]cat/fzrjon[.]exe,server.exe,FALSE
1/12/17 23:44,29ef886292e9346a1e3b75b871772e456f304072c942c40997d91e8e3ce4e60b,http://149[.]56[.]65[.]124/~tslnaxcc/stanley/stanratcrypted[.]exe,stanratcrypted.exe,FALSE
1/12/17 18:46,f8384f1221c1f932eab7e8177804259341bbbb28b5e95f9587fc8450ed428006,http://149[.]56[.]65[.]124/~tslnaxcc/stanley/hawkcryptedtk[.]exe,hawkcryptedtk.exe,FALSE
1/12/17 11:38,7818f25ec57ae7711921c346f9b5535f676dfe02beb225ee479004258d4d0d0b,http://suntimbers[.]com/whitemoves_LL_Crypted[.]exe,monitor.exe,FALSE
1/12/17 11:38,3fb0b2899cbe06bcf0c84bb97527ae7e5c63b7c73a84f6b9ba458e4a1f63af83,http://suntimbers[.]com/whitemoves_LL_Crypted[.]exe,monitor.exe,FALSE
1/12/17 9:03,18f92fe9246fb7eb9509675e168652ce0bfd6135343631518ec7d1646e222643,http://www[.]mappyitala[.]com/armani/google[.]exe,google.exe,FALSE
1/12/17 9:03,e1f1e53e9f17d7b98250b9d81d00d140c12b61b89ddfa7428283c9a2a1c1743c,http://www[.]mappyitala[.]com/armani/googleage[.]exe,google.exe,FALSE
1/12/17 8:27,7b3ac3ef2d715d03d7e92f041ae3e0ed7a4ada02b24e1a577feeaeba1fb07fb6,http://suntimbers[.]com/Ade_LL_Crypted[.]exe,monitor.exe,FALSE
1/12/17 8:27,a23943eb8cbfe8359f74bada27d8315b338484210c951d388ac583d1799424de,http://suntimbers[.]com/Ade_LL_Crypted[.]exe,monitor.exe,FALSE
1/12/17 8:11,1da45680df4cee788ea382fcbe2af59882a74163965fd49135db4ce28a69cf2b,https://a[.]pomf[.]cat/hjkiox[.]exe,host.exe,FALSE
1/12/17 4:19,1275cd746c8ba7339d8dd9e89783f6eb250625e19346580f7377d0e1b06724e4,https://a[.]pomf[.]cat/ievzjd[.]exe,puttyx86.exe,FALSE
1/12/17 3:48,99f635cae8d943518b16fda3445184ed492aba8cdb380d4398a5ab2d2885afae,https://a[.]pomf[.]cat/qtudez[.]exe,haroon.exe,FALSE
1/11/17 4:35,e702856786fecff34aeddc8c0f8328425067eaa73fda89038adfc73b3f12c49d,https://cloudup[.]com/files/iZi5MgsFSa2/download,adobe.exe,FALSE
1/10/17 19:30,41bbff1aa0bca26bc18db1d829fddf812c0965bb1069011fd1a322a6b22112f6,http://suntimbers[.]com/LL_Kazy_Crypted[.]exe,update.exe,FALSE
1/10/17 16:05,babdab4a9240af6f2287dd81dffa7044ba65010a65327d4a66c74f6e83639d95,https://a[.]pomf[.]cat/geedyk[.]exe,ISABELLA.exe,FALSE
1/10/17 8:56,08925508b83d97cb6f5676b337d7d207548fd2d8fef97afd3add07b6af9b062a,https://d[.]filebox[.]moe/tgjrki[.]exe,tgjrki.exe,FALSE
1/10/17 8:54,f7f63dec1e18291adf8dd1aff50312d3f190ac29abf86457a3080f92f46be270,http://s3cur3[.]linkpc[.]net/spf[.]exe,skype.exe,FALSE
1/10/17 8:52,09af5465155171047f00042f06ce6a70bfe541f923d6c965f3bf1dba201d4366,https://cloudup[.]com/files/ivWgQ05JXmO/download,puttyx86.exe,FALSE
1/10/17 5:23,eebf000b88201b050f86c617b8a8c081c9767ae85629feb7692a1feb0e908fe8,https://cloudup[.]com/files/iZi5MgsFSa2/download,adobe.exe,FALSE
1/10/17 4:08,72df35c6c581003ad15637aeb4bac39a65ccd1fe02082aaad5e227d3ab6feae5,http://umiyatubes[.]com/js/putty[.]exe,putty.exe,FALSE
1/10/17 1:20,03678eb54004c6a089b22e61d78c7768b906916128ca29fde92b242ad3637c78,http://www[.]mappyitala[.]com/armani/googleage[.]exe,msbuild.exe,FALSE
1/10/17 1:20,8396f0f8e42b40685f3a79754a3a2f9671bfcdfdb177ae188c9e09a0f7a20338,http://www[.]mappyitala[.]com/armani/google[.]exe,msbuild.exe,FALSE
1/9/17 19:54,fd52d0f52d05f7274f1723a20d3b769f7c03af0ebbe63787c45cdba8912a4ee5,http://149[.]56[.]65[.]124/~tslnaxcc/stanley/crypted3[.]exe,crypted3.exe,FALSE
1/9/17 14:51,2ecd4c796de74500315a4831b118efabb3b56cda77618b7a1883e5aba4c461fb,http://gateway[.]glop[.]me/ipfs/QmYeyHSEqewgkApnTSBaBMfsHbYZqLiqUrtrf24srCKdAu/criptedfile[.]exe,puttyx86.exe,FALSE
1/9/17 13:31,553d0ef6566bfec706d91b36422280c778a1ae2d193ea01ea902b8ee9259ccfc,https://the[.]earth[.]li/~sgtatham/putty/latest/x86/putty[.]exe,puttyx86.exe,FALSE
1/9/17 6:02,9d00537af563ccf46e4086575d8a0a5efd97b9bc21fa4a45e547f7d904cc2fde,https://cloudup[.]com/files/inmEcUAjhh4/download,puttyx86.exe,FALSE
1/9/17 4:55,6cbc171ecdc6a7c03bef2de7a94f14adc6b9fe20356c7cdee3ad4c72c56b1f4e,http://suntimbers[.]com/BB_Star_Crypted[.]exe,office.exe,FALSE
1/9/17 2:40,28dd7dd1932bade91d530e453ce30c4f0a822b2b00ded8f2657f7a197dc878c5,https://cloudup[.]com/files/ivWgQ05JXmO/download,puttyx86.exe,FALSE
1/9/17 1:48,ec7388eca0758c5a40f9fb4f35618cb4c24fdec5ee46a6af7bb654fe8b40c8df,https://ovrload[.]ru/t/1244_believe[.]exe,244_believe.exe,FALSE
1/9/17 0:13,93bed24a8a59f79b09ed5b2ee9d51ccce6f9d462293a237b034e8d5484b0c985,http://www[.]flowdentals[.]com/tuk/turky[.]exe,msbuild.exe,FALSE
1/8/17 21:58,7c701855839f187d877d643a968a905f681a2d2e33eaadee0a68eafcec7c8cbd,https://d[.]filebox[.]moe/tgjrki[.]exe,tgjrki.exe,FALSE
1/8/17 18:51,d7bccb0767ccc61ef37339407568044dcdf4277af7a4e5b4df6d16389cfbac5f,http://s3cur3[.]linkpc[.]net/spf[.]exe,skype.exe,FALSE
1/8/17 18:22,ed6938aeaa7b6f98ff684a53f2442e7f830a911106d02e7f4d9ea22b07b83dca,http://hoppecke-sg[.]com/metwo[.]exe,puttyx86.exe,FALSE
1/8/17 18:16,2dec6315b088bd70d1b399dce008e36f0b66c96e6aaea7e5810c5089f7076958,http://hoppecke-sg[.]com/meone[.]exe,puttyx86.exe,FALSE
1/8/17 15:22,d4166f1fa5deb2b3e18a5518b8522625df092cac32a3016899de1a7fb4845697,http://www[.]mappyitala[.]com/armani/googleage[.]exe,outlooks.exe,FALSE
1/8/17 15:22,c94eb53bd61e10c42e82e27d6a1d614d960332da9e39cdedb39e6442a2f84066,http://www[.]mappyitala[.]com/armani/google[.]exe,outlooks.exe,FALSE
1/7/17 13:33,9bd50912ec632dba67bb72f818d3f8621521e1e75e3d9757a1c79389800a1d16,https://a[.]pomf[.]cat/xwflvy[.]exe,faith.exe,FALSE
1/7/17 13:13,0f99831250101c14bcb90d5921b1d5441afbf003ef1be5e49f978bec1e738891,https://a[.]pomf[.]cat/ovkdxa[.]exe,ali.exe,FALSE
1/7/17 11:48,de481eeea71af073f6215bbc4e6aadc924ca76c0715ad7f1a16f3bf392c048e0,http://www[.]flowdentals[.]com/tuk/cc[.]exe,cc.exe,FALSE
1/7/17 11:47,32856e74c5a2a3a299b5a5746a081facab482e325c386454e4343b6748358c5b,https://a[.]pomf[.]cat/aheayr[.]exe,crypted.exe,FALSE
1/7/17 11:47,0db2b2294d7ea0a46b5f4cf99ac8f9e1bf2d9a79e81403f0e40c0a190a2bb55f,https://a[.]pomf[.]cat/xskaac[.]exe,hope.exe,FALSE
1/7/17 9:27,2d26dd0dabe1297acb74673434a2b6c0180f709935a839265d846f3f3acf3abd,http://www[.]starfield[.]ma/wp-includes/IXR/crypted[.]exe,crypted.exe,FALSE
1/7/17 2:06,6bb4ff38517f19055d49b1e538785a38c536f4061c5941a9f0531ac6bbe61362,https://a[.]pomf[.]cat/xwflvy[.]exe,faith.exe,FALSE
1/7/17 0:08,d4f97a5f9fa74ef258b51d3f973022353a516d06b3925e1c361f93f124298337,https://a[.]pomf[.]cat/ovkdxa[.]exe,ali.exe,FALSE
1/6/17 10:04,a927178ec165411f20c563cca30d489e16083cb43e4a5f71e74b7fbd2a515dff,https://a[.]pomf[.]cat/fbtbqk[.]exe,puttyx86.exe,FALSE
1/6/17 10:03,99842596dab206f283b70ebd5dc2fc000c8ad4a874ef96d9e2caf64268f270f6,https://forsmokeythings[.]biz/PriceUPdatePRICES2017[.]exe,PriceUPdatePRICES2017.exe,FALSE
1/6/17 10:02,80261e4828c86f41723532313f5d8a6b1f8cb9a3f83a5642c33aa5dba84da0f9,https://a[.]pomf[.]cat/pauvxu[.]exe,puttyx86.exe,FALSE
1/6/17 10:02,ed045cc657ac40a723c9f92ec939828021b33f3bdeda25334e306a87b9ce6997,https://a[.]pomf[.]cat/weerob[.]exe,svhost.exe,FALSE
1/6/17 10:01,161313724281b661f0b4c38109127d82d08b8f2611e7dab353400ac6c730ac72,https://a[.]pomf[.]cat/ubohdj[.]exe,putt6.exe,FALSE
1/6/17 4:01,c56df114421b5016e46495ea1d7c3cb2c8ba6e83bbc67b2b64bd0e04ca4148f8,https://a[.]pomf[.]cat/xskaac[.]exe,hope.exe,FALSE
1/5/17 23:10,912406bd20ddfdc0aa8638a3310a06edc03398f393a778429c0c8d0897441c5d,https://a[.]pomf[.]cat/ylrxmu[.]exe,putty6.exe,FALSE
1/5/17 21:07,6bf2bd316141504a05589105a6e3537f3d78d6ce93eafaf1f3a47daf71c223fe,https://a[.]pomf[.]cat/pkwjbx[.]exe,puttyx86.exe,FALSE
1/5/17 19:48,88b76f760703f7f221eb74852ba3af9f750c667f0da40e970b0a877e31fbe3eb,http://www[.]flowdentals[.]com/tuk/cc[.]exe,cc.exe,FALSE
1/5/17 15:10,81bab8ebe0c062c596ec9da8cb1ec6b503edb35b084efe280e4d15b5f22249ef,https://a[.]pomf[.]cat/aheayr[.]exe,crypted.exe,FALSE
1/5/17 6:27,6c43fb72f2c80a278a477e7abea6231c76aa948960815356ac0f686ae4861433,https://a[.]pomf[.]cat/yrxtgq[.]exe,yrxtgq.exe,FALSE
1/5/17 4:12,557a2f6485a09167afaceb445b9b2c6cc964f1f6363d51ccb5f3433900343c1d,https://forsmokeythings[.]biz/PriceUPdatePRICES2017[.]exe,PriceUPdatePRICES2017.exe,FALSE
1/4/17 15:36,ace7b92ae9ee1c32c36ae86e01f45ecdad38d331364675016a27b68e974b778d,https://a[.]pomf[.]cat/ayvwiz[.]exe,Hope.exe,FALSE
1/4/17 14:22,ebc45709f06d7bd7d70dc9c92afe55441d754bdbbe3d78b227b54eccbcdfe608,https://a[.]pomf[.]cat/yfnirs[.]exe,putty621.exe,FALSE
1/4/17 3:41,769df0fb5a94b818ed64d87f32d6ed33295e3b7950a82b1f14f2013e38e4ae3b,https://a[.]pomf[.]cat/qtudez[.]exe,haroon.exe,FALSE
1/4/17 3:22,39dfb47f7600418c06e44ae18546dd12f116b7a248d18dcc3444095f4b64cbe6,http://hrindia[.]co[.]in/wass/ooo[.]exe,ooo.exe,FALSE
1/4/17 0:10,2a0cb2f7f5c73bfd7721262dbbfaf8415332792ffab766e4797ed7733e0f5604,https://a[.]pomf[.]cat/xeufbx[.]exe,System Interrupts.exe,FALSE
1/3/17 22:48,949accc07036d3b1b9ddd8ff5ae2fc66e6b837dfa1ff137b680dd5f40a55fa1a,https://a[.]pomf[.]cat/nbuagl[.]exe,putty621.exe,FALSE
1/3/17 19:10,98da3d2506e9044f21c82e02a8c1519735b87af478320cf10f55c2fd72c7d369,https://a[.]pomf[.]cat/weerob[.]exe,svhost.exe,FALSE
1/3/17 4:05,82746ab36a767a20a81c19a5c6f995b33175c8ec779bb4fd00022f84fdd57002,https://a[.]pomf[.]cat/pauvxu[.]exe,puttyx86.exe,FALSE
1/2/17 22:10,3113a9f426854c924907cbad61b6613d6b4527bb803e9c31d01e1fabe6180fbf,https://a[.]pomf[.]cat/fbtbqk[.]exe,puttyx86.exe,FALSE
1/2/17 22:10,cb5d6af671eddb208809cf66d547b06f1113d4204cb58325f91aab8147dcf74f,https://a[.]pomf[.]cat/mtphya[.]exe,puttyx86.exe,FALSE
1/2/17 10:10,f5ada104698364aa811505218a80f333dadac88842cc7dbe5aef7a3f94a490ae,https://dnkey-aeee1[.]firebaseapp[.]com/buzzbuzz[.]exe,mlgkill.exe,FALSE
1/2/17 9:10,2dc16af8c408ee785135917d306c7627db2690155f8c0cebc7b5afe031632e97,https://a[.]pomf[.]cat/clkzof[.]exe,ebook.exe,FALSE
1/1/17 22:26,5d3085e31d82427f830f3c518f35347757497608ac3a15bc936200b725a54521,https://a[.]pomf[.]cat/hoqpdu[.]exe,puttyx86.exe,FALSE
1/1/17 5:40,906998898ab1044b2a5d3fb84e2e08dc747c8e4467b902d742dbfcdc36931b75,https://a[.]pomf[.]cat/fgrlfu[.]exe,puttyx86.exe,FALSE
12/31/16 6:42,069de93a74e3b27b57fa9288fee5761c04b15cac9de9ab5796953e4f5e26c7f7,https://a[.]pomf[.]cat/nuvarp[.]exe,puttyx86.exe,FALSE
12/31/16 4:07,d3796de0cf4230aad8722761b715103a37ef803d24c8acc3c1f75bc131a18258,https://a[.]pomf[.]cat/ubohdj[.]exe,putt6.exe,FALSE
12/31/16 4:07,f32b3a6f6c503a6c09a5045889ad44e3f83da398d225308b1550821ec99aa6c9,https://a[.]pomf[.]cat/ubohdj[.]exe,putt6.exe,FALSE
12/31/16 2:54,e81e80a9837ffabc62050134993bbdd96a50dc3224a505c8433b9a8f71b64c6f,https://a[.]pomf[.]cat/mbezkr[.]exe,puttyx86.exe,FALSE
12/30/16 20:53,2921612e99aecbb0a51033586ef2f42c660dc628ff501ad2c3edab4971735cc2,https://a[.]pomf[.]cat/ysmpmq[.]exe,putty621.exe,FALSE
12/30/16 10:07,3fba5f68071d360ef002c428566540c1052004424c0fab6d3a1a1768ce404375,https://a[.]pomf[.]cat/xfgdwu[.]exe,puttyx6.exe,FALSE
12/29/16 13:56,16fd70d1cb2c3cdd894b7ff60b844ade2df0fc0b0db4c09677bf8331ea85d5a4,https://a[.]pomf[.]cat/tauciy[.]jar,oracle.jar,FALSE
12/29/16 9:37,a140e861c74e85a8caf0ebe4626f6eb71e477c98a5a669b3729c26765c55e33b,https://a[.]pomf[.]cat/dajsiu[.]exe,puttyx86.exe,FALSE
12/27/16 9:10,bb0b3dd0e827d22a0f7a87c352e17bce90147a5744416207702bf7872bf40ca3,http://ptyltdonline[.]com/test1[.]exe,test1.exe,FALSE
12/27/16 1:40,ee612df4cb63dd7aae0a17df7830d90b51b886dd264b8911030cfb08d463d029,http://gruntvivoz[.]ru/media/AudioDriver[.]exe,AudioDriver.exe,FALSE
12/24/16 8:35,787eea642440f1e6d756a9dd38109d35db2040dd02b216aa5655a75952883c56,http://gruntvivoz[.]ru/media/AudioDriver[.]exe,AudioDriver.exe,FALSE
12/23/16 14:02,bffe1a06caeda10e71e6279b30df70d74837c86291258a0a9af2c97801c2576f,https://a[.]pomf[.]cat/sxhfeu[.]exe,Window.exe,FALSE
12/23/16 10:05,24562629ab7eb7a0a6554b4ca327678534939dcb31e87cb2270d1ea0160243e5,https://a[.]pomf[.]cat/fhodlk[.]exe,fhodlk.exe,FALSE
12/22/16 23:50,4efbe333ebfc2a1ff792f9ffd33792bba516b230e0ab306a3669299a8c3440d5,http://hoppecke-sg[.]com/metwo[.]exe,puttyx86.exe,FALSE
12/22/16 23:14,1d465230bd43d7197c7486a0d08e5db6b3de143cd912616bc46b45503db87524,http://hoppecke-sg[.]com/meone[.]exe,puttyx86.exe,FALSE
12/22/16 22:24,44a830733afe4f6cf2030d15733c0baae73fabea5709a73cefe5da8823f773a5,https://a[.]pomf[.]cat/nzyjdo[.]exe,puttyx86.exe,FALSE
12/22/16 14:13,6ad44fd41085595f4c5043142b20013b151a03a603523b23c3dc87d0bd3cd011,https://www[.]faqooko[.]com/docs/winapp[.]exe,winapp.exe,FALSE
12/22/16 14:04,197b8485493fa36cc6eef67e262458a7f8b0ad939be1365093a9f0602e6c6aae,http://185[.]145[.]44[.]23:1443/sealed1[.]exe,server.exe,FALSE
12/22/16 13:46,1dd64ccfc2fcc6e9f6577a3c8ca868e38424d602521cbc20562c13b0d7d6a882,http://185[.]145[.]44[.]23:1443/teast[.]exe,server.exe,FALSE
12/22/16 13:09,81f06143b856373788e146d77c204eab96fbe699684630e7c12cdd4ae877102f,https://a[.]pomf[.]cat/jubvda[.]exe,noshair.exe,FALSE
12/22/16 12:06,fe0bc6482a78f75f97fabfae8a9462fcd434a716af00e9b922e856de6f963450,https://a[.]pomf[.]cat/anujkl[.]exe,server.exe,FALSE
12/22/16 11:46,a110f8eb310d1a14214a623722c5b34f076d2d79d5e7b18f16685921684450c6,http://213[.]183[.]58[.]11:1443/server[.]exe,server.exe,FALSE
12/22/16 11:28,1be6576c348adf283314060c448a8436ddd81ceaff01a6856badcb2f42c2c52d,http://googledoc[.]danazyne[.]com/vira/final2[.]exe,msword.exe,FALSE
12/22/16 9:26,03140fbf2c3cd3b828703173d3417eaa314ca233ae2ea4e1fe04fedd8d129b63,http://ofertasybonos[.]com/WinStart[.]exe,WinStart1.exe,FALSE
12/22/16 4:31,13b96577af57fad449fd2b939579b082ee480a08c25a421d75af94105fe173bb,https://a[.]pomf[.]cat/olkgan[.]exe,kingshakesmacro.exe,FALSE
12/22/16 0:10,8b6f58101824a5a4895d435caef1681ebdb831d2a6014848746ce492f9be5774,http://www[.]sumnerresidents[.]co[.]nz/plugins/editors/sym/xviwen[.]exe,xviwen.exe,FALSE
12/21/16 17:12,977b1e257a0a705891efcddd715890c8e42db7bd454c7ed7c4f383bdbb952bb5,https://a[.]pomf[.]cat/nhzjnt[.]exe,GoogleUpdate.exe,FALSE
12/21/16 2:22,808ef1d73a405bec9dd8dcba1626f1b554a395efc982d03e8255af9b6091ce65,https://a[.]pomf[.]cat/cbcjlu[.]exe,puttyx86.exe,FALSE
12/21/16 0:34,ea3a0180f04bc29b7881dca884b38b1e1b95001aa3ccb12e706a85af541e8428,https://a[.]pomf[.]cat/shsnzi[.]exe,app.exe,FALSE
12/21/16 0:25,ba55ef6823c9c706e1ebcd9668314d20af50f55a8a6a2291bcf7d31198ecad70,http://geosystem[.]com[.]my/doc/fashh[.]exe,pmsys.exe,FALSE
12/20/16 22:39,3f23013e53118bc88bda54bbd3fc587864fd23e33bb6e1cf00a9cebda7e1a5c5,http://hoppecke-sg[.]com/metwo[.]exe,puttyx86.exe,FALSE
12/20/16 22:13,b42c1ecdc942c5e8e43c8adc5031ed311895ec99be5ff6a697506e622b5e21c8,http://hoppecke-sg[.]com/meoneone[.]exe,puttyx86.exe,FALSE
12/20/16 19:34,3d92d04446a14dd70dce16daafd300ad27e6d3c7f927f1d8e5839a761b551510,http://mattlevalve[.]com/ag/photo[.]exe,photo.exe,FALSE
12/20/16 16:14,46ea986abdadf6b646c610f6743b63adb9a148ce7a5c9cdae6db7b15f197829f,https://a[.]pomf[.]cat/ksaciu[.]exe,GoogleUpdate.exe,FALSE
12/20/16 15:40,daad5f7ccf013ef5482df8a68a1b0c67bbb4f2de5c6799c63549d00e52f227bb,http://zeman[.]pw/h1[.]exe,puttyx86.exe,FALSE
12/20/16 14:40,a17a9ff13d7f2e5ed062909d885b83ed5c910f9f03b143918869a6ce4aa69dfa,https://a[.]pomf[.]cat/htqrhy[.]exe,Fdfdgfh.exe,FALSE
12/20/16 14:12,a4a85915db3526927ea5c6bb0ac3be08a1f8d6806bab1b8b2bf53899882c4bf2,http://193[.]150[.]13[.]63/AudioDriver[.]exe,AudioDriver.exe,FALSE
12/20/16 2:00,41434262558e0bcf4ef4953d7345586c10199fac079d7ce8b971416a7a6617d1,https://a[.]pomf[.]cat/udchdy[.]exe,puttyx86.exe,FALSE
12/20/16 1:12,dc392826e4933b085f7e4905640be16b44826cb67d2c8b91a534fe0190239dca,https://a[.]pomf[.]cat/vytjag[.]exe,DUC.exe,FALSE
12/19/16 22:53,6931ddcacbbe6d1b448c87ca920287a38afc41932d9d30d6a54a33a0844a9862,http://hoppecke-sg[.]com/doggy[.]exe,puttyx86.exe,FALSE
12/19/16 8:25,e21592359792c4292e13df2c48ca58e93e7b84a0d1d3e91821ff3bf3d24266cb,https://a[.]pomf[.]cat/vorrkj[.]exe,svchost.exe,FALSE
12/19/16 3:23,f645eb3e6d7c0e011404cc8159d9c68935b30c88b8d864fbf437a6c13ffd6210,https://a[.]pomf[.]cat/ooanma[.]exe,puttyx86.exe,FALSE
12/19/16 2:35,e6862930a512a81f4f37ff2b5b26fe2fa359ee7a4be002d73f383099ef26b4c6,https://a[.]pomf[.]cat/zduqhi[.]exe,puttyx86.exe,FALSE
12/18/16 21:03,f5deff952bcc2049b17923425b7ba47ed65dcbf5df71148d883bc957bf829378,https://a[.]pomf[.]cat/wrnyms[.]exe,puttyx86.exe,FALSE
12/18/16 19:08,86a6da3e179acb02c95c36135cc713024651f49bfad5ce2705f4ab5bfdaaf478,https://a[.]pomf[.]cat/oarkna[.]exe,oarkna.exe,FALSE
12/18/16 12:23,513fefcedbf5a5a47668ff8988030554c5f52a06bb04e52974828d0bed9a36b8,http://dropbox-documents[.]us/link/drank[.]exe,skype.exe,FALSE
12/17/16 6:11,9bf02cf0160a15ba105e1626625a6ea924f5850c3e921952557b812b740aa51d,http://193[.]150[.]13[.]63/fat[.]exe,SystermDriver.exe,FALSE
12/17/16 1:17,c3c83b54ddaa046107ee5bc9674f0d5520933f728f6cc326198f24914df6992f,https://a[.]pomf[.]cat/iqucut[.]exe,Order Details.exe,FALSE
12/16/16 21:09,4819d29b7f182de23c561b160a85b24e2f2b78a68c571f05c66a22b32a581061,https://a[.]pomf[.]cat/vrehnz[.]exe,listfiles.exe,TRUE
12/16/16 12:57,4284b0551a7f6a305692132eb4714c6aeb3f36408b53161e055241cd207e9402,http://193[.]150[.]13[.]63/AudioDriver[.]exe,AudioDriver.exe,FALSE
12/16/16 6:08,a5b19c9170c174f51d6e7becb3bd94c14f7bed898ee22f24259419f59e7d9000,http://kokomang[.]com/vxvx[.]exe,vxvx.exe,FALSE
12/15/16 0:12,dedfeaf59da24bc32ef5b9652dc9f9c26379ae6d07e4611ad71b0466e5aefd51,http://mattlevalve[.]com/pdf/acrobat[.]exe,acrobat.exe,FALSE
12/14/16 15:55,9a57d4ac12012e1e787dacd6636b5d4690d2665867219f369ba4c6966837a267,http://getlohnumceders[.]honor[.]es/namdi/pos[.]exe,pos.exe,FALSE
12/14/16 14:38,6e36836996a08ae9f7a38c82e49e3538cd5e1936f25b044660c7cbe2f45571b9,http://geosystem[.]com[.]my/doc/longdoh[.]exe,msEng.exe,FALSE
12/13/16 22:59,f45d41d2ec72cd9b2f0b65e5543214dba7e6037c0f8bf24ade9fe394ab282418,http://ddl2[.]data[.]hu/get/0/10171732/INVOICE[.]exe,puttyx86.exe,FALSE
12/13/16 21:34,d4f8c61967c5ebd8941b5bbeecb26057892f1ac3482ee70bbef0f2eb384c0f25,http://ddl2[.]data[.]hu/get/0/10171730/REMITTANCE_ADVICE[.]exe,puttyx86.exe,FALSE
12/13/16 16:35,a388d8039ebb7c8fdb3e686a259db183f3fc470e62ca84285df1f3ad472a5bf0,http://geosystem[.]com[.]my/doc/longdoh[.]exe,MsEng.exe,FALSE
12/13/16 16:22,39ba16ab14b99a4ec9625993d81b368e3375210347debdc1d45f1010b6a8e105,http://karnil[.]com/work/final12[.]exe,final12.exe,FALSE
12/13/16 9:41,df58bae7d0f64785203769cc46f1d6371edddcdfe83b0e229ff4ecdbfa39752d,http://193[.]150[.]13[.]63/AudioDriver[.]exe,AudioDriver.exe,FALSE
12/13/16 4:56,24488e3fbe365004dd74a8072534eb6f081acce3860d054ae81519a5988d0a4c,https://a[.]pomf[.]cat/cnojsa[.]exe,cnojsa.exe,TRUE
12/13/16 3:20,6a6eaf5d34b1cd5001b90e2ffdf3bce10cc8f26b4eeca5c9fcc8bcbfd1848cd2,https://a[.]pomf[.]cat/stmbla[.]exe,putty6.exe,FALSE
12/13/16 1:47,2c17b4c5c42c94fe2ca1a5776b3e53429e8eca442edbee04f4310aa1450fb6c4,http://millerlegacyplumbing[.]com/data/files/yggg[.]exe,puttyx.exe,FALSE
12/13/16 1:33,f6999bd54b5472f89ba835160c9005d441e199c8c9fd8f3caba59a61dd85ac2b,https://a[.]pomf[.]cat/jaoarj[.]exe,putty6.exe,FALSE
12/13/16 0:40,d4ab4ebff27b30c8be7bfde0e88955190e85a2deeb93720c6a9e1a8925ee0a81,http://millerlegacyplumbing[.]com/data/files/jiiizyy[.]exe,puttyx.exe,FALSE
12/12/16 23:10,c6ccf72986723ab797f40ecaec7e6a753e612dae67775f7a246e492c3d7ddea3,http://millerlegacyplumbing[.]com/data/files/aggoogo[.]exe,puttyx.exe,FALSE
12/12/16 22:17,9da57471d175bf0bded1d9f2418d282ed88b67c9281fa67e581ea4f850de324a,http://millerlegacyplumbing[.]com/data/files/chisooom[.]exe,puttyx.exe,FALSE
12/12/16 22:12,e3f0d44a6b21eabdfb4336f7a9385ce13ede5a1aa3907c383807357b1217925b,http://millerlegacyplumbing[.]com/data/files/miiiii[.]exe,puttyx.exe,FALSE
12/12/16 19:47,8436917c7c01e61a1fe0c2616175ce02ee5188f52b25de5a9500ecec1681674e,http://ddl2[.]data[.]hu/get/0/10171712/me_1[.]exe,puttyx86.exe,FALSE
12/12/16 19:44,74230db049adadf20b3c04b39538510e7bb73c82a1c7a7da7b796186fb2f420a,http://ddl7[.]data[.]hu/get/0/10171711/besttoph[.]exe,puttyx86.exe,FALSE
12/12/16 19:39,97f18503cc7ad48ddc8c013076613e59b1fbd9b538f6fe48d2ff47c1d13fb685,http://ddl3[.]data[.]hu/get/0/10171706/doggy1[.]exe,puttyx86.exe,FALSE
12/12/16 19:21,7c0c48b33d02907fca8e333a9d9d1242494b0b9e82ef0aac246751359baa6bb2,http://ddl3[.]data[.]hu/get/0/10171714/me2[.]exe,puttyx86.exe,FALSE
12/12/16 18:25,50f77175954d8a3fc62766f5d10c17f431b1cc632b8b7fa2332ca3aa7a86dbec,https://a[.]pomf[.]cat/atiupo[.]exe,msoffice.exe,FALSE
12/12/16 17:54,37292329eb08a3fad4754e7783ccf30ef543ea146c45848ceb3aff36ae1b8b52,http://millerlegacyplumbing[.]com/data/files/ellbeeer[.]exe,puttyx.exe,FALSE
12/12/16 16:51,dcc9278c01c0b67aa28af75eb098be040d4b971593773de445c007037d719298,https://fuwa[.]se/p/zUw-ub[.]exe,zUw-ub.exe,FALSE
12/12/16 16:28,f28d61714f95704b176283975a60be1a0f3d38494af7bbb6d0f6c5a64b6612ec,http://193[.]150[.]13[.]63/AudioDriver[.]exe,AudioDriver.exe,FALSE
12/12/16 14:44,014ac480784a29cc4f3b08bb031886924d02f5236489d04686b3d7e2a5af31af,http://193[.]150[.]13[.]63/real[.]exe,Systerm.exe,FALSE
12/12/16 14:04,a0b5b0627bfd17ed476b2bd012829ba6631aa08b7052fa2e5c51c2f620af710f,http://eikengineering-my[.]com/gtnosstham/x86/putty[.]exe,puttyx86.exe,FALSE
12/12/16 13:13,882e8986f7c310f5295b2a0f74eb99e820da25387bff5ed55e040988059a6d94,https://a[.]pomf[.]cat/bgkwpg[.]exe,pfile.exe,FALSE
12/12/16 11:55,eb31c574e21af131134003b9a77c6c9399da89e38ae081dba149517806919f44,https://a[.]pomf[.]cat/yswnjm[.]exe,ppc.exe,FALSE
12/12/16 7:03,d005b987a55298fa051a19e36f87810260a7f5130443ae71b173380c1887104d,http://eikengineering-my[.]com/gtolatham/putty/putty[.]exe,puttyx86.exe,FALSE
12/12/16 2:44,631a6dca0998ea26b198c0710b4c465d878a9eef9e6ba0a14a9c5d510d28ab02,https://a[.]pomf[.]cat/fwnxfw[.]exe,putty6.exe,FALSE
12/12/16 2:19,77ae55ea354f05fdef1dc1cff0ba1bc18515619a103a6d30c409e9fdfcd764dd,https://a[.]pomf[.]cat/tpdhmu[.]exe,putty6.exe,FALSE
12/11/16 22:42,f6510e97116f5c932bf0eaaf502215ed72324ca8e00bdbb49067a2aaac31f131,https://a[.]pomf[.]cat/vcldxo[.]exe,putty6.exe,FALSE
12/11/16 19:27,32bf6e477c74f626e11ecc4091601869d34a92bb21bbb1a64587630edb3c5e21,http://zeman[.]pw/hc111[.]exe,puttyx86.exe,FALSE
12/11/16 18:15,a511bc1fb26eab67299a5985e3a921c8d600e7c63e46daa50f96434b44394620,http://geosystem[.]com[.]my/doc/sszz[.]exe,msdocx.exe,FALSE
12/11/16 18:15,bc9f2af01ae2efe65fb82d58f8fc5cdc01a0772d5e63ac05233f9c63e559049d,http://geosystem[.]com[.]my/doc/sszz[.]exe,msdocx.exe,FALSE
12/11/16 17:37,b883248a32b737bb76a1097219ab370ea7883f649eaf93b336ddeee0c4187265,https://a[.]pomf[.]cat/bqluxw[.]exe,putty6.exe,FALSE
12/11/16 17:16,19686ce4ec581371bf4a61a51d27923c3aee08e89ba3dcb5acb1c8df6cc2dfed,https://a[.]pomf[.]cat/gmhbey[.]exe,putty6.exe,FALSE
12/11/16 14:04,95fae24fb4da05cbf8c7bc75bd415b52c0918459f19e53ccfee1cb1a4f2312f8,http://directprotectexe[.]3eeweb[.]com/moddle/nel_app[.]exe,nel_app.exe,FALSE
12/11/16 13:58,dc617932f1ce71bb81bd8618f049c69d4c368da3129a1f16b9e1fab498f185f1,https://a[.]pomf[.]cat/fntnud[.]exe,putty6.exe,FALSE
12/11/16 3:19,89d25c864d9b34bde74598f98c167579599169ed221b7cd0ab25cb95343187e8,https://www[.]faqooko[.]com/docs/winapp[.]exe,winapp.exe,FALSE
12/10/16 21:31,9fd51ce8ba891186a252e3bb119ca89d9c9036b7bb25dc173e1c8538460cf9e3,https://a[.]pomf[.]cat/sdqcle[.]exe,puttyx86.exe,FALSE
12/10/16 13:48,d503aaa145be93e23e0e2d9a19ca89c9efd9729513d30f9be11db174c8ed6a9c,http://hawkresultbox[.]net/logs/sick[.]exe,sick.exe,FALSE
12/9/16 13:36,12a0a2ca0b49a9caca7dc678c6fbb1b13fd0f1313a208cd431bb7d1dc63e3a30,https://a[.]pomf[.]cat/lartev[.]exe,lartev.exe,FALSE
12/9/16 2:08,b264e4e68f44f5137fb2974774616d4756fda24506b1c4f861692aa47e63195b,https://200-btc[.]com/putty[.]exe,puttyx86.exe,FALSE
12/9/16 0:33,5ad750e97e928469af279e1c9c2b4b9551c44db629735aa5f706628ec7390f13,https://a[.]pomf[.]cat/tcadcf[.]exe,putty6.exe,FALSE
12/8/16 20:56,c65fee7e04ac4b6239f4845513b681028a8f5c7298f699b6a45ad59df370a9db,https://a[.]pomf[.]cat/czjpyj[.]exe,puttyx86.exe,FALSE
12/8/16 8:24,cbf313360ddb89ba4a672c5fc22512ae3ef241ed8e93ab8e7271669c4cd49a2e,http://forum-des-oranges[.]fr/JDD/croyptedfile_original[.]exe,croyptedfile_original.exe,FALSE
12/8/16 8:21,33a9c6a0c70bdedf97b4e9843b14bc1af0568fa4d3788ef9bc660572b1c66fac,http://forum-des-oranges[.]fr/JDD/croyptedfile_original[.]exe,croyptedfile_original.exe,FALSE
12/8/16 8:18,97815e5b2cf10bd2a57ccaa62ea3bcf1772b8fad6b126c774e8a5ac2adbb08e0,https://a[.]pomf[.]cat/msxnad[.]exe,ibakaka.exe,FALSE
12/8/16 7:05,f182463aceaae981dd7b49b2959084c9c67fc6be4421d8f0be7a1f6d37646853,https://a[.]pomf[.]cat/luyhby[.]exe,Audio.exe,FALSE
12/7/16 22:36,4a57f724ee2243eced8618f4aa1a43c8e3690ea23395a5a98d72485c4b189b1c,http://www[.]neoflash[.]co/10712886012[.]exe,puttyx86.exe,FALSE
12/7/16 21:45,b14b81dad4e3feca372559eb09b77142450fa83d82d0e04e63016edfb52813c5,http://eikengineering-my[.]com/gtnosstham/new/putty[.]exe,puttyx86.exe,FALSE
12/7/16 21:43,e7c428dd05b7d9707b6111ec859d0cc9d99055ec0a55dea004feee11d497c6ca,https://www[.]dropbox[.]com/s/at67kwhahsrcd5n/Today%27s%20Deal%230007[.]exe,Today's Deal#0007.exe,FALSE
12/7/16 20:59,1aed870777fcc7eb3630cefe1ee2dd61554ae0245126da84eb85a8fd8c2dec80,http://eikengineering-my[.]com/gtolatham/latest/putty[.]exe,puttyx86.exe,FALSE
12/7/16 20:59,89b260657ad2902f3599fb486e3830c6a001ebd8affe833ddf97bd77923d68dd,http://eikengineering-my[.]com/gtolatham/latest/putty[.]exe,puttyx86.exe,FALSE
12/7/16 20:55,1e5ae26bdc4b34ef4efcce965741a881ecccc53851191f67df0b56a494f233a5,https://a[.]pomf[.]cat/yzkvar[.]exe,putty621.exe,FALSE
12/7/16 20:39,70b783a0c822186e5ca3bd610ab9f54b2f2f2ebfdde9cc9b02be36b2cb669dfb,http://eikengineering-my[.]com/gtbiztham/update/putty[.]exe,puttyx86.exe,FALSE
12/7/16 20:39,93a2b15719024db29a6fb8acf2b1b9fc1d610d57cd47d53eaca97fe55f3c9281,http://eikengineering-my[.]com/gtbiztham/update/putty[.]exe,puttyx86.exe,FALSE
12/7/16 20:35,f9d8fd4b126d8ec80ee259ad2d14639a2c9c897dda7cad72b34850d0621a86d5,https://a[.]pomf[.]cat/bpaxhj[.]exe,bpaxhj.exe,FALSE
12/7/16 20:19,c243923359a67bff7099d4b28b73140e74bece63492df8fbf2e4efb37d6289f3,http://vestesl-tr[.]com/updated/putty[.]exe,puttyx86.exe,FALSE
12/7/16 16:40,89b28e0a56b67b8d54172ac6331eb9143bf663c1f5c3cb2111b98659c19012d8,http://doopriv8[.]info/20a[.]exe,skypez.exe,FALSE
12/7/16 16:40,fa117bdba8ffb8bfbd52975875d5d8fcb0756e711ce64418c5dd8c23656c588a,http://doopriv8[.]info/35[.]exe,skypez.exe,FALSE
12/7/16 14:15,8353f078361dc930296a2615fd9e3da35cd9d030356af6e4a14ad3bde929d916,https://a[.]pomf[.]cat/bbuqjb[.]exe,puttyxh86.exe,FALSE
12/7/16 12:43,bea080d0e20a1f5c1b0642bc7557c331a29cdf91198859a757624ec9a5d75ff6,http://193[.]150[.]13[.]63/cress[.]exe,cress.exe,FALSE
12/7/16 8:14,2ed74f6ab88f3b763c937726e82174134b9c69e7be3e6754fb4efe06a7d266c5,http://193[.]150[.]13[.]63/mornach[.]exe,mornach.exe,FALSE
12/7/16 2:36,732ba909fe9db1e66b6bc7dc3bc3ac54f86c51f713a8a2ae739d9a653d911a95,https://a[.]pomf[.]cat/cseiwg[.]exe,puttkk6.exe,FALSE
12/7/16 1:38,070d45055c08fc57f5eec22324acfc68a87804fc99cf0faa3b12bb24567aee87,http://mattlevalve[.]com/data/sdcard[.]exe,sdcard.exe,FALSE
12/6/16 23:33,e83e847ae9de806544b3e8b1ddd751846f3eafef777b0ce24d392e54373eebcf,https://a[.]pomf[.]cat/tjhsej[.]exe,puttkk6.exe,FALSE
12/6/16 23:15,229f61869a16548a989e1f32bdd4f69fd21aee193d0f8311e1e87d1e4cbda300,https://a[.]pomf[.]cat/pesypj[.]exe,puttkk6.exe,FALSE
12/6/16 18:14,c51e3219b0f6d1fffc513b46e834f44447a5c299dcf1396ad29319ba4e1d14a0,http://geosystem[.]com[.]my/doc/mzzx[.]exe,msmpc.exe,FALSE
12/6/16 17:12,114678840fa1d1bc1abe3bfcc634fc33ac16bbce20873068c29b5ceeb7bb54c2,http://vestesl-tr[.]com/akupdat/aputty[.]exe,puttyx86.exe,FALSE
12/6/16 17:05,bfe089e094e0aef81617a9ef6df99c68d2b8b05dde9c86c7131d39f011e87aad,http://167[.]114[.]35[.]111/~lupascom/data/stanratcrypted[.]exe,stanratcrypted.exe,FALSE
12/6/16 13:15,c07d103ba97604dd577fc5bfec7b1fc29eae0dcf32ee3d72bd275a7ad7466242,https://a[.]pomf[.]cat/mwvaxz[.]exe,orderfiles.exe,TRUE
12/6/16 12:21,d9fb509c1ed7ebedc1b3733efaa1a61433615298b089a7b466efaf4b9683b4ff,http://taledecor[.]com/officee[.]exe,officee.exe,TRUE
12/6/16 9:55,870c1ae3108b8577c968627fec616575635cf496678f810fdf89d22d72929e97,http://ddl7[.]data[.]hu/get/0/10154966/ronaldo[.]exe,puttyx86.exe,FALSE
12/6/16 9:42,eb0b3be32006156a3ed8e91e602e695d805682c53ccef9c06ceda901696a0660,http://193[.]150[.]13[.]63/eji[.]exe,cal.exe,FALSE
12/6/16 7:15,a1be38db8deca9181e4eaf8e1d40f44a6506cfba07ce987ba919f1cddf3b2310,http://193[.]150[.]13[.]63/dwm[.]exe,dwm.exe,FALSE
12/6/16 5:51,ed003fb75ce1246cf521c51e171eb9b169e7cfccf625851fac2f395941054b35,http://193[.]150[.]13[.]63/real[.]exe,lms.exe,FALSE
12/6/16 3:45,6e2a71eb257f78bfb74718c3b9466407b97c6c8f75d0dbdf33497f9f808e71e0,https://a[.]pomf[.]cat/inrycg[.]exe,puttyx86.exe,TRUE
12/6/16 3:04,607c44bc1eeaea6f1bb013debbdfab49c9101d6425c962014a6e0aac8236968a,https://a[.]pomf[.]cat/xttteq[.]exe,puttyxb.exe,FALSE
12/6/16 2:41,a0c5731749a3a8aa02a30040c047a8f345bbc31f51c2fdbd11ebaf4bc3b183b5,http://doopriv8[.]info/11111[.]exe,alster.exe,FALSE
12/6/16 2:41,09f818c72ba3938aa402231d79a835a5a6ba2cc05fbbe190489a17d29b31343a,http://doopriv8[.]info/2222[.]exe,alster.exe,FALSE
12/6/16 2:31,05f0614123aee12cc88eb8ae4ddea252b327d5e6dcf9a3be25846cf75b281b3e,http://193[.]150[.]13[.]63/mornchi[.]exe,mornchi.exe,FALSE
12/6/16 1:24,21b69d7f8d86b356dff96e81476aca593c80bf2629809c09df8a4fa770d42ea1,http://ddl2[.]data[.]hu/get/0/10154967/divx[.]exe,puttyx86.exe,FALSE
12/6/16 0:35,11c764d19931c706fdec92de7875db4c4c351d1621e6eea190ade73a7f04d501,http://fayehill[.]co[.]uk/uju/nza1[.]exe,nza1.exe,FALSE
12/5/16 23:25,0c0b948f50216888c2d82f7ce226f2b824c0ea92fc939b099f7025e2fac4b22a,https://a[.]pomf[.]cat/lpvmok[.]exe,puttyx86.exe,FALSE
12/5/16 23:09,053bc34bfde79d092570d6f7f45db583e4e7b1f46fc6bcb776b61113bd44aa40,http://geosystem[.]com[.]my/doc/ogi[.]exe,msmsystem.exe,FALSE
12/5/16 19:50,9c803b471f5b9fd3d486c8a21d3f2038b8e07c02c32a4d20dbde33d36f49cb51,http://vestesl-tr[.]com/updated/putty[.]exe,puttyx86.exe,FALSE
12/5/16 19:50,1fd93ffcce95bfcf7f596eb7fb000073a61e6047ddf6a30b36be6f2da208a502,http://vestesl-tr[.]com/updated/putty[.]exe,puttyx86.exe,FALSE
12/5/16 19:13,9cc7406ff7da37101a710df8dc6da05c63ec65d2d783c579ccc712a5bc39f009,https://a[.]pomf[.]cat/xbctfn[.]exe,AppScan2.exe,FALSE
12/5/16 9:45,6e03fb4cb13440dd5bbff3411b2c5541ffaa3f7aca8bec56209b05d6383d5c9e,http://193[.]150[.]13[.]63/lsm[.]exe,lsm.exe,FALSE
12/5/16 9:42,b9da34f405327a1e3dccbaa4e2b105ce5da9209454c1dcf48c29d87fb1b355bb,https://a[.]pomf[.]cat/rgqpiw[.]exe,puttyn6.exe,FALSE
12/5/16 7:46,81093b78063ab24ced07864c66914819b048685833a8a643581dc8b5b330254d,https://a[.]pomf[.]cat/fxqsif[.]exe,server.exe,FALSE
12/5/16 5:53,bcc960df4a06a3ee0f28b96661f4fcfad77237c42b98fe47be5c3d9faa3eff65,http://193[.]150[.]13[.]63/AudioDrivers[.]exe,AudioDrivers.exe,FALSE
12/5/16 5:17,22279cccd2809c88b09fecaa95ca7b9c6ab54e1adb32fd71a64ab5982b74f4ee,https://a[.]pomf[.]cat/tyaylg[.]exe,msoffice.exe,FALSE
12/5/16 1:37,0a11fc7b2d433fa6c7e7661b3ca6552bd0a5f1bddd9d29783f7ac6a7510a3c40,http://mattlevalve[.]com/word/msword[.]exe,msword.exe,FALSE
12/5/16 0:16,7ff32d2c28a5371813883bdf2ae5c319ddc0ef835fd1070af4b671788a872125,https://a[.]pomf[.]cat/fddehk[.]exe,putty6.exe,FALSE
12/4/16 22:20,6c60b92c480fc55f24c9bdd4f73fdb2ad613bf8ca48422cfd6141d7fd03c0d4f,https://a[.]pomf[.]cat/bgqaaa[.]exe,putty621.exe,FALSE
12/4/16 19:56,aec5e7cebb98c5315e23f392f3379bb55090fde46a1bd147b4acd5a03a606ada,https://a[.]pomf[.]cat/hrdlzk[.]exe,puttyx86.exe,FALSE
12/4/16 19:53,a31c9361bee9d4c768d9255b8a67db666fbf6999c525b002819ca568fdca6267,https://a[.]pomf[.]cat/uwqlks[.]exe,puttyx86.exe,FALSE
12/4/16 18:20,986823d3b799da2167ec14f2cd378c0ffa3f6545b418cc5b43494a5a84cd5c62,http://geosystem[.]com[.]my/doc/fashh[.]exe,pmsys.exe,FALSE
12/4/16 18:01,05c1ff9f50196b24ab2f62f521f0aa909e15445badcd605c80fb7260b51cdc4c,https://a[.]pomf[.]cat/qpcbvo[.]exe,msoffice.exe,FALSE
12/4/16 17:30,c29beac670e35e720697e5fc86666be6f5b45e36961ab2c6e8d82a6949ab5185,https://a[.]pomf[.]cat/nbooxw[.]exe,putty621.exe,FALSE
12/4/16 17:26,e6873af26c2e480329a153f17f0af78996e3aa7a59ab4bef52b74ed03687ba75,https://a[.]pomf[.]cat/vrehnz[.]exe,listfiles.exe,TRUE
12/4/16 17:23,0eee964299c7cefaffd1a7204e23c53b4e4374f361fd6f22edb0b55645289559,http://geosystem[.]com[.]my/doc/mazz[.]exe,pmsys.exe,FALSE
12/4/16 17:23,a51b6245f0fa68e17556f240fa740089e1969469a64ef7c8167165ba6de7123a,http://geosystem[.]com[.]my/doc/mazz[.]exe,pmsys.exe,FALSE
12/4/16 15:19,dc365280be40268b1164902a9d92b1f5d020252bbf021cf430d00e170f705bcd,https://a[.]pomf[.]cat/lbgbhu[.]exe,putty6.exe,FALSE
12/4/16 14:38,6443252a8c515500151c93ded6d35881306894fed91a08937ff57e9d4e093f90,https://a[.]pomf[.]cat/hrdlzk[.]exe,puttyx86.exe,FALSE
12/4/16 14:10,9813a6c9cfe50f1bb6d136019d07e99072d54ddfce4c7405fc1ea400ee3d53cf,https://a[.]pomf[.]cat/mepvcy[.]exe,putty6.exe,FALSE
12/4/16 13:38,e74385dc9170b5ab3ccfef529043171a38184baed8afb27bd52a0987841a4278,http://doopriv8[.]info/sekyp[.]exe,stu.exe,FALSE
12/4/16 13:36,a354493a726491e95f764a399622a654d89c7c5536311002b0eb0eb831043ac1,https://a[.]pomf[.]cat/jqwxwq[.]exe,putty621.exe,FALSE
12/4/16 6:02,767b6f4f1ed3e052319acc97fbd6f22b59b9851e96111601347851777dd16d36,https://fs12n5[.]sendspace[.]com/dl/12378f28b671cd898cb07bce3a4bb867/5842ee127d0d5a2f/lk41o3/final[.]exe,test.exe,TRUE
12/3/16 22:35,2cb909ea18d1fe66e6f1a02a93fab3eb2792cdeb036052b2a57db65096193682,https://a[.]pomf[.]cat/bsaapq[.]exe,puttyx86.exe,TRUE
12/2/16 13:53,9320155c8ff7b51d808975cf17db43d7b1c004c9003dab52aa0661fdbafffc8f,https://www[.]dropbox[.]com/s/k2bsh8z0d0g3130/Att-December%20Order[.]exe?dl=1,Att-December Order.exe,TRUE
12/2/16 11:02,1b1f5dd4d22ebe1cf89d1b9f660b8206693d4c6ca6dd871a8f58303a4998dbe0,https://a[.]pomf[.]cat/tivuwj[.]exe,tivuwj.exe,TRUE
12/1/16 13:05,93a7c1b347b5bbd5aab07abd04dee4c33dd38a2a5b7b661e8db07c51533c0c7b,http://mattlevalve[.]com/office/msoft[.]exe,msoft.exe,TRUE