2017-08-02 16:28:51,api.highwrite.ru
2017-08-02 10:21:16,api.mybblog.xyz
2017-08-06 06:53:09,api.realtek.website
2017-08-06 07:19:03,api.moy-mayner.ru
2017-08-06 10:27:04,api.albertsrun.xyz
2017-08-06 21:14:31,api.newmine.ru
2017-08-07 01:15:09,api.itemsbet.com
2017-08-07 05:44:37,api.kefirsports.xyz
2017-08-07 10:03:57,api.rand0msh1tm1n3r.xyz
2017-08-07 14:01:10,api.checkmeout.ru
2017-08-07 16:18:44,api.rublikzarabotok.com
2017-08-08 22:06:06,api.accbmosol.com
2017-08-09 03:31:02,api.stingtek.com
2017-08-09 17:32:11,api.plastileen.pw
2017-08-10 10:14:54,api.digital-game.ru
2017-08-10 13:46:50,api.btcminergate.ru
2017-08-10 20:11:02,api.spaceman07.ru
2017-08-10 21:18:37,api.checkingsite.site
2017-08-11 09:22:49,api.malmine.ru
2017-08-11 11:18:50,api.xgames.su
2017-08-11 12:40:36,api.csobik.xyz
2017-08-11 23:29:34,api.dratuti.info
2017-08-12 07:40:35,api.kwam.gdn
2017-08-13 10:13:43,api.bldimablog.xyz
2017-08-14 07:45:26,api.ghjdthrf.tk
2017-08-14 08:06:58,api.spiridus.pw
2017-08-14 12:57:51,api.tapblackmoney.pw
2017-08-14 14:03:26,api.lkasdjfklhngn.pw
2017-08-14 13:10:11,api.111orion.xyz
2017-08-16 13:11:12,api.hjdskyewljfdn.pw
2017-08-16 14:49:02,api.jackblack.pw
2017-08-17 01:41:23,api.xyw.space
2017-08-18 05:05:44,api.f1eriya.pw
2017-08-19 00:28:54,api.abibletit.ru
2017-08-19 18:05:27,api.sadating.xyz
2017-08-20 10:52:48,tyha.pw
2017-08-21 14:18:17,api.tyha.pw
2017-08-21 14:12:36,api.staglion.pro
2017-08-21 14:19:28,api.mrgap.pw
2017-08-21 17:38:40,api.dcr048dd.ru
2017-08-22 09:07:32,api.raznospower.ru
2017-08-23 01:41:35,api.badboy.pw
2017-08-23 23:15:59,api.realbarbos.life
2017-08-23 16:10:31,api.itsmydomain.xyz
2017-08-25 10:09:42,api.def397.pw
2017-08-24 16:47:45,api.drujbanu.pw
2017-08-26 16:14:10,api.mynebo7.xyz
2017-08-26 23:25:42,api.dismay.pw
2017-08-27 09:33:49,api.user73223.7ci.ru
2017-08-27 09:53:25,api.bizmailcon.ru
2017-08-27 16:04:32,api.games-revi.ru
2017-08-28 12:43:03,api.wwqrwwwreewrqwer.xyz
2017-08-28 09:38:22,api.ugrym.pw
2017-08-28 16:12:15,api.bnknw.pw
2017-09-02 05:57:16,api.cryptopoly.pw
2017-09-04 03:32:09,api.zerstoren.pro
2017-09-06 08:26:16,api.gopanel.ru
2017-09-06 22:00:13,api.bitcoin.lisx.ru
2017-09-07 10:12:02,api.dfgsfdkj3jk4h5.ru
2017-09-07 10:30:01,api.m234.xyz
2017-09-08 19:26:59,api.4spirin.pw
2017-09-09 15:16:56,api.user74886.7ci.ru
2017-09-09 16:10:30,api.igogos.ga
2017-09-09 16:35:46,api.banddos.ru
2017-09-10 01:49:53,api.minergood.ru
2017-09-11 11:52:17,api.nbvnfuyjft567uygvhgfc.pw
2017-09-11 16:32:09,showtopic.biz
2017-09-11 23:06:47,api.hlebb.pw
2017-09-12 06:34:26,api.enable.pw
2017-09-12 06:59:02,api.shilo.ml
2017-09-15 14:21:54,api.fl-god.pw
2017-09-17 01:29:37,server.kdjsnbfgkjdf.pw
2017-09-19 01:48:39,api.rikimaru7.pw
2017-09-19 15:34:33,api.bjkdfhbvvr.pw
2017-09-25 23:11:04,api.adminbtc.ru
2017-10-08 00:18:51,api.sanya330.pro
2017-10-08 13:18:15,api.admina.xyz
2017-10-08 18:58:01,api.zloki.pw
2017-10-16 00:59:01,api.bvjhsdvbfjsd.pw
2017-10-19 06:46:15,api.wolframalpha.pw
2017-10-19 13:16:08,api.7bog.ru
2017-10-21 08:11:03,api.bdwiki.ru
2017-10-21 06:47:22,api4.raznospower.ru
2017-10-23 22:06:06,api.enigma-top.bid
2017-10-26 11:43:13,api.kolokolchik.info
2017-10-26 08:01:36,api.o4kobati.xyz
2017-10-26 22:41:23,api4.hlebb.pw
2017-10-27 04:20:58,api.tiberious.xyz
2017-10-26 23:57:29,api.btchash777.ru
2017-10-27 14:25:58,api.min2rarllsknfoeihe.ru
2017-10-27 22:23:37,api.centralfargo.com
2017-10-31 11:25:56,api.tyha84.info
2017-10-31 14:14:42,api2.checkingsite.site
2017-10-31 11:55:57,api.nebuchadnezzar.xyz
2017-10-31 16:47:28,api.0100.name
2017-11-02 04:36:34,api.incor.xyz
2017-11-02 15:25:30,api.bitoklg.ru
2017-11-05 14:09:36,server.dfgsfdkj3jk4h5.ru
2017-11-07 21:21:23,frontleftside.essey.site
2017-11-09 13:22:27,api.gslll.ru
2017-11-11 02:49:10,api.mainivent.xyz
2017-11-14 03:12:18,test.checkingsite.site
2017-11-16 09:30:26,api.1gq.ru
2017-11-17 08:50:04,panel.enable.pw
2017-11-20 07:15:27,api.jisec.xyz
2017-11-22 08:11:23,api.billionaireboys.pw
2017-11-25 08:49:48,api.bsdfbsadjfb.pw
2017-11-27 05:31:56,api.hfyljv.ru
2017-12-05 18:54:16,api.minerarog.xyz
2017-12-08 10:44:30,api.odmenarmi9z.site
2017-12-09 22:34:51,api.minerhash.pw
2017-12-10 06:45:52,api.user77080.7ci.ru
2017-12-12 11:38:17,api.rar740.xyz
2017-12-13 02:26:08,api.btc-db.com
2017-12-13 04:02:13,api.rrealstats.ru
2017-12-14 02:29:55,api.getdownload4812.ru
2017-12-17 10:58:56,api.minetbot.online
2017-12-16 23:08:40,server.dfsfgsdfg.pw
2017-12-18 00:00:27,serv223.bsdfksbdfj.pw
2017-12-18 20:18:29,api.sdbfhjbsdfjh.pw
2017-12-19 00:44:56,api.chvpobidno.com
2017-12-19 06:12:21,server.hjdskyewljfdn.pw
2017-12-20 15:31:23,api.kiras.kz
2017-12-20 22:20:09,api.vergames.ru
2017-12-21 06:03:04,api.microtrend.xyz
2017-12-21 20:44:00,api.norfest1x.win
2017-12-23 16:08:05,api2.drujbanu.pw
2017-12-25 03:23:32,api1.bnknw.pw
2017-12-25 02:32:44,server.euirterhgt.pw
2017-12-26 10:43:13,api.soft-portal.kz
2017-12-28 09:25:11,api.hsnqy2no.host
2017-12-29 07:54:24,api.system-analyse.win
2017-12-30 02:56:45,api.wilhost.com
2017-12-30 21:03:59,api.maxpinezzz.ru
2018-01-03 04:12:15,server.sdfbdsfjhkbgdf.pw
2018-01-06 20:41:49,api.recheckmail24.ru
2018-01-07 14:18:19,api.5max.xyz
2018-01-13 08:39:33,api.mysuperprojectnumone.xyz
2018-01-14 08:45:26,api.kevyank.ru
2018-01-15 13:48:51,api.hjbkfwejhkfbj2334f.pw
2018-01-16 09:34:52,api.dedpanel.xyz
2018-01-17 05:46:50,4pi.mousehous.gdn
2018-01-22 00:03:50,api.kopilka.io
2018-01-24 02:18:26,api.webbserfer.ru
2018-01-25 08:16:14,api.googleanalistics7431.ru
2018-01-28 14:58:06,api.land-seo.ru
2018-01-28 19:38:12,api.bfvvsdfvjbvcdg.pw
2018-01-29 12:53:51,api.csgotrade.vip
2018-02-02 06:13:12,api.rarog-cobetchik.ru
2018-02-05 03:48:46,api.poiwebm.ru
2018-02-08 06:54:00,server4456.bsdfvsh.pw
2018-02-11 04:11:21,api.torprojectonioncheck.com
2018-02-14 19:42:23,api.macadmin.xyz
2018-02-23 21:11:49,api.super.cryptongram.org
2018-02-27 17:11:28,api.bcjsoinlsidun3.eu
2018-02-28 02:14:00,cdn.sdfvbshgdvf.pw
2018-03-01 20:51:21,api.doomed.cf
2018-03-08 18:18:54,api.fox.sychost.com
2018-03-09 21:54:31,api.how-to-how.club
2018-03-12 20:51:53,api.ibsmoney.ru
2018-03-16 02:03:40,api.money-exchanger.info
