SHA256,SHA1,MD5,Compile Timestamp,File Type,File Size,PDB String,C2 Server
0b2a794bac4bf650b6ba537137504162520b67266449be979679afbb14e8e5c0,89a7861acb7983ad712ae9206131c96454a1b3d8,8d42c01180be7588a2a68ad96dd0cf85,2019-01-07 07:13:47 UTC,"PE32 executable (GUI) Intel 80386, for MS Windows",31232,c:\Users\Asterix\Documents\Visual Studio 2008\Projects\28NovDwn\Release\28NovDwn.pdb,frameworksupport[.]net
169f68ba605ae82cdfe11a293fe3ffd59b97e05e301096188e241ca6af3cef2c,577e21e8ba1170672c42b0b37c61a2b4f58ded4b,feb46b161275f0b89f1f1da2cca93084,2019-01-07 07:13:47 UTC,"PE32 executable (GUI) Intel 80386, for MS Windows",53248,c:\Users\Asterix\Documents\Visual Studio 2008\Projects\28NovDwn\Release\28NovDwn.pdb,frameworksupport[.]net
ba8f68f1a9c886e66d761beca8f85257e68d1276c59256fbfe8a978c752062c6,aa080937c86a54a2b28469024c856d6d2dd751f0,158bacf0610c761563a55385b0dfd0bd,2019-01-07 07:13:47 UTC,"PE32 executable (GUI) Intel 80386, for MS Windows",49152,c:\Users\Asterix\Documents\Visual Studio 2008\Projects\28NovDwn\Release\28NovDwn.pdb,frameworksupport[.]net
ca512880541c5606837df15712ee7f33756746143a686bedd3031264f8782efb,d7cfd23e1e5d9bb0eff6176e5798d1c0843d3775,46234ad73c6d2c1a24cd9eabee1c718e,2019-01-07 07:13:47 UTC,"PE32 executable (GUI) Intel 80386, for MS Windows",53248,c:\Users\Asterix\Documents\Visual Studio 2008\Projects\28NovDwn\Release\28NovDwn.pdb,frameworksupport[.]net
bfb1c51d6bdbff5c1d475662bbf12c80e834b395d9ab70b3d124a09543fb20cf,ba748259b06215dac1a61bfe3145c7b0b39d4180,5d8b4fae792e009e8be4d3f2cab38de0,2018-12-06 11:14:45 UTC,"PE32 executable (GUI) Intel 80386, for MS Windows",102400,N/A,hewle.kielsoservice[.]net
ef0cb0a1a29bcdf2b36622f72734aec8d38326fc8f7270f78bd956e706a5fd57,d2c161ce52240b61d632607a2262890327d82502,7cc0b212d1b8ceb808c250495d83bae4,2018-12-06 11:14:45 UTC,"PE32 executable (GUI) Intel 80386, for MS Windows",77312,N/A,hewle.kielsoservice[.]net
47b953f1884d3eeddd23b3acb56f5306efccbab87b296f9c4f5a34c95053400a,c47f0a66050d506eb148193aaa9b1eba19d82722,5fb3f028542a2e61313d64d8e8f87c01,2018-12-05 09:39:24 UTC,"PE32 executable (GUI) Intel 80386, for MS Windows",31232,C:\Users\Asterix\Documents\Visual Studio 2008\Projects\28NovDwn\Release\28NovDwn.pdb,nethosttalk[.]com
523a17f6892c2558ac4765959df4af938e56a94fa6ed39636b8b7315def3a1b4,02a5aaa1956b437f1066a4793cc079201c02603b,b694f3b1ef7ff302c339a51c3f0f50f3,2018-11-19 06:39:07 UTC,"PE32 executable (GUI) Intel 80386, for MS Windows",80384,N/A,hewle.kielsoservice[.]net
172fb23460f34d174baa359c23d46d139fe30cd2d97b11b733aae496ab609c25,9b673a9a3df0228ed33da14865d812fa7aaa0235,f9aeac76f92f8b2ddc253b3f53248c1d,2018-10-16 10:07:26 UTC,"PE32 executable (GUI) Intel 80386, for MS Windows",31232,c:\Users\Asterix\Documents\Visual Studio 2008\Projects\28NovDwn\Release\28NovDwn.pdb,xiovo416[.]net
04368c443e8c675578a71712d02bf8959f384c651b0db65fb66525cba7364637,e9e87cfb346627fe674f1f7d46d2d58383367be1,227c0d4cfad228b0421f3c04bfed9a28,2018-10-01 07:03:20 UTC,"PE32 executable (GUI) Intel 80386, for MS Windows",31232,c:\Users\Asterix\Documents\Visual Studio 2008\Projects\28NovDwn\Release\28NovDwn.pdb,nethosttalk[.]com
ba0cb1f47b69809ca0d3a5bd4163b8d1b77686a7e929b299d8c17e9eb183d128,09468dfbd4da66cef49bbfc06e36c6c2f94445cd,c3f5add704f2c540f3dd345f853e2d84,2018-09-24 06:32:31 UTC,"PE32 executable (GUI) Intel 80386, for MS Windows",29696,C:\Users\Asterix\Documents\Visual Studio 2008\Projects\28NovDwn\Release\28NovDwn.pdb,nethosttalk[.]com
f5afe24061226630faa0f1a125e011819627cee3254060bdf2691bad65ff1d1c,a9532bd4cb0c3043a6c82b752dea5bf665954bc1,8dda6f85f06b5952beaabbfea9e28cdd,2018-09-06 06:26:27 UTC,"PE32 executable (GUI) Intel 80386, for MS Windows",387072,C:\Users\Asterix\Documents\Visual Studio 2008\Projects\28NovDwn\Release\28NovDwn.pdb,nethosttalk[.]com
4d5290e7e30ef25b7cb265784b1507f756b938af3a4d915225b708e5e44a5ed4,205e77e7f708b5c2f3f6370547255ae4c6b61b5b,26d175ac27b4554885b5c3d2ec9c6769,2018-08-28 06:33:30 UTC,"PE32 executable (GUI) Intel 80386, for MS Windows",76800,C:\tcro\Release\tcro.pdb,spring.tulipnetworks[.]net
f0ef4242cc6b8fa3728b61d2ce86ea934bd59f550de9167afbca0b0aaa3b2c22,177837d0fa5bfd274abe79d80a01cfe2374b4cd9,a1bdb1889d960e424920e57366662a59,2018-07-30 09:18:37 UTC,"PE32 executable (GUI) Intel 80386, for MS Windows",202752,d:\C++\new_downloader_aroundtheworld123\Release\audiodq.pdb,aroundtheworld123[.]net
8d6076a8c08f870f3b4f915428f9e31767ae7f746f692e382a0fd9504beb8cce,d23b0b01c72d422cb7db90d17b2358696e578a16,4e2f667ec58b0bf00294bde765fc5f55,2018-06-05 09:31:59 UTC,"PE32 executable (GUI) Intel 80386, for MS Windows",77312,N/A,mob.wirelesssolutions[.]mobi
a5c126fe9e32414c97156ff42415266a7cfa8b6ebedd387446b1542f400cb921,b61cd1b145134301b2553c7d4b203392cf31007a,82ae76f208bd4af3e3b015ef438b41c9,2018-06-05 09:31:59 UTC,"PE32 executable (GUI) Intel 80386, for MS Windows",77315,N/A,mob.wirelesssolutions[.]mobi
d40f8a592579944d808fae321301f45869ef5eb7289b8a01fed7b0521d907e51,02429f66666dcbe4714bb1ba8671623e0e463569,9ce5bad6578431f7fff51d00fdc30b14,2018-03-07 07:27:19 UTC,"PE32 executable (GUI) Intel 80386, for MS Windows",77312,N/A,aday.primeservices[.]mobi
cda5f909c32bd97f012abd23e73b3d803ded5382ef78417373eec60b453ab6ac,4d930afbcfa06c603a425bb8778fa4c5caeadb99,9d5be49ad857e5d5fcea6c897d72bc25,2018-02-03 09:35:44 UTC,"PE32 executable (GUI) Intel 80386, for MS Windows",80896,N/A,aday.primeservices[.]mobi
121a0e5e66cc7bdc78387b2e67222eb0349ca038e5aced3ed0eccb167106a40e,777a854b7ba861650bd5bfaef529d637a6276541,25689fc7581840e851c3140aa8c3ac8b,2018-02-02 04:55:46 UTC,"PE32 executable (GUI) Intel 80386, for MS Windows",31232,C:\Users\Asterix\Documents\Visual Studio 2008\Projects\28NovDwn\Release\28NovDwn.pdb,newmysticvision[.]com
bd2f2781df927fd88301b963e5378d903a2c666ac941ea7c6472486552733bf5,c26aaa82b43c439ba32ce703fc2b547675813144,1b5439d7e32c0e8cfca5597fb1458844,2018-01-19 05:59:34 UTC,"PE32 executable (GUI) Intel 80386, for MS Windows",74240,C:\Users\UserA\Documents\Visual Studio 2008\Projects\Artra\Release\Artra.pdb,styl.crrerc[.]com
007067658922f3b76c847cbd5d572a7f2588f3e53c6542ed56a732421e2d6282,b34657fb6861e2f089cbc0445c626c9bcfa2aed2,d8a99cbb5f362410cada141183656d98,2018-01-19 05:51:29 UTC,"PE32 executable (GUI) Intel 80386, for MS Windows",65536,C:\Users\UserA\Documents\Visual Studio 2008\Projects\Artra\Release\Artra.pdb,styl.crrerc[.]com
dd8cd30a7f571999c99c4a698429f86d4994145373e61e2de81a3a5324030aa3,851ef431d2e2c380cd0d4ff79db9d136813b83e8,f98676a090d4c3999127077b1650d25c,2018-01-19 05:33:05 UTC,"PE32 executable (GUI) Intel 80386, for MS Windows",79360,C:\Users\UserA\Documents\Visual Studio 2008\Projects\Artra\Release\Artra.pdb,styl.hairparker[.]com
532f47cf21f725459ac6e021c57d5b6db2eb3c2b5b31aabe7c930c780fa98731,90e5e847bac8af8e5876ab478159a93d251fc145,a57c1e4d6c0b040337fa110b8ec4345b,2018-01-17 12:22:27 UTC,"PE32 executable (GUI) Intel 80386, for MS Windows",81408,N/A,styl.hairparker[.]com
4736aac07ed7708f89e31f277a19e50abbaa38889f86e4d34d22f31f4abdd327,5f5750a214273d5488cdba5d76b9dd629689f56c,534b2aa8d65bdc16cd6ad6a36f11d13b,2018-01-17 11:02:46 UTC,"PE32 executable (GUI) Intel 80386, for MS Windows",80384,C:\Users\UserA\Documents\Visual Studio 2008\Projects\Artra\Release\Artra.pdb,styl.hairparker[.]com
4291ae206f3cee363e9eec5a394e280bc31d413eccf442ace05dd166c60ce67d,05a917cb78e4ae107fc0fec6238a40003e5e8d63,3574f71132f123136aa2c4808d9c8540,2018-01-17 08:56:30 UTC,"PE32 executable (GUI) Intel 80386, for MS Windows",75264,C:\Users\UserA\Documents\Visual Studio 2008\Projects\Artra\Release\Artra.pdb,font.jiangsuhost[.]com
d8168348d70c5c96e865b9fdd4bee99fb3083c7b4c9c6b9229e4fbea57b3b593,5ea9dd8d396b6127e3cf2c3c3995576f9274fcce,c838173e082861089416b5e37244efb9,2018-01-12 06:51:43 UTC,"PE32 executable (GUI) Intel 80386, for MS Windows",129024,C:\Users\UserA\Documents\Visual Studio 2008\Projects\Artra\Release\Artra.pdb,font.jiangsuhost[.]com
d7c27e7ea25a9989563e5a5738d7b2ceabae296aa8189ac6cf8c7e984e02edb1,f17f62ad5dcf4c5be389b572c960682a199b9d66,7195c706fab11b258c769649c7e4cce0,2018-01-02 06:50:37 UTC,"PE32 executable (GUI) Intel 80386, for MS Windows",202752,d:\new_downloader_healthnewsone\Release\audiodq.pdb,healthnewsone[.]com
4398615f0a498124b498abb261150f11ce4778afde18d2e4e6717f2826a9d65d,8999e312a6058f6efc8b8a0360d195425d0a8535,fd42d02ea05af684c7523d5d5719e55c,2018-01-02 06:49:21 UTC,"PE32 executable (GUI) Intel 80386, for MS Windows",202752,d:\new_downloader_healthnewsone\Release\audiodq.pdb,healthnewsone[.]com
3bbfce80c98d8c10b2996a3e0098782353ef91be882c4bf96e55866de6198f9c,0096ba5222fe3e3e8feabacaff1f924846f7aaf0,4cbfd989a44cf8f1a0025bbd07069d19,2017-12-21 06:04:26 UTC,"PE32 executable (GUI) Intel 80386, for MS Windows",61440,C:\Users\Windows 7\Documents\Visual Studio 2008\Projects\28NovDwn\Release\28NovDwn.pdb,newmysticvision[.]com
ffe1528eea078bde8336ab96a574a5401ff2c0403bbefda96a34e5cce4ae6385,ef8f32558b683cf78117b4a5b526d1baeaab70ca,68a1ca909e2fa34b5ffe42fa62312766,2017-12-21 06:04:26 UTC,"PE32 executable (GUI) Intel 80386, for MS Windows",30720,C:\Users\Windows 7\Documents\Visual Studio 2008\Projects\28NovDwn\Release\28NovDwn.pdb,newmysticvision[.]com
16e9373bc3ae7eb2b5187d334e1f76e25d6a346f2e34aa53766e6c5823df2526,7d21d38753fc2839fb755adda066e188b0992791,3b0611a0c55364a6460c019b3e278cbf,2017-11-20 11:23:09 UTC,"PE32 executable (GUI) Intel 80386, for MS Windows",128512,N/A,font.jiangsuhost[.]com
6c816e969446ae9fa3e7e9a90b5cf79ab7342f605e5c4e7e486273d65fba17fd,26edca16c064528e33626add23522ab30886b8e9,e402c05ce9c46c0cf2f4e3db6f0ba4b5,2017-11-09 04:27:57 UTC,"PE32 executable (GUI) Intel 80386, for MS Windows",101376,C:\Users\Windows 7\Documents\Visual Studio 2008\Projects\12Oct2017\Release\12Oct2017.pdb,newmysticvision[.]com
131c53a3612c933e747897573a5f79db9f61895b404f69efea8c1c87262da4fe,4d4feef5da3ca2e64fb858f9a12694e1bcdd5616,cc58dd8592555ff6275196e62af3242e,2017-10-24 06:18:32 UTC,"PE32 executable (GUI) Intel 80386, for MS Windows",100352,C:\Users\Windows 7\Documents\Visual Studio 2008\Projects\12Oct2017\Release\12Oct2017.pdb,newmysticvision[.]com
c4300f85252900112bead3e0a3de2c91729881a1f935b7fd7d2a511914afdbff,757b8b4865a7ec89363985f982ef6eb6543dc58a,a3349c8be3fa567b1894dd8c9bfd9695,2017-10-24 06:18:32 UTC,"PE32 executable (GUI) Intel 80386, for MS Windows",200704,C:\Users\Windows 7\Documents\Visual Studio 2008\Projects\12Oct2017\Release\12Oct2017.pdb,newmysticvision[.]com
f619eb9a6255f6adcb02d59ed20f69d801a7db1f481f88e14abca2df020c4d26,2b1d6c606cc2e6bd327ee36650f6be0bc619156a,efec7464f07633415cbc36a97b900587,2017-09-21 06:30:01 UTC,"PE32 executable (GUI) Intel 80386, for MS Windows",132096,D:\Backup from OLD BLDG\C++\keylogger_06092017\keylogger_06022017with feature of filesize check n copy to neat file\offkl\Release\kill.pdb,Unknown
ff6e750f15d62c847321670e811d40b7e99de710cdb99ebf3dc69bae47800d8b,5bd7aa1bce6e3f83d921f896003d6c6a149cae68,6a3f0de81242e55a35571a6a231c5b2c,2017-09-18 12:07:39 UTC,"PE32 executable (GUI) Intel 80386, for MS Windows",203264,d:\Backup from OLD BLDG\C++\new_downloader_wingames_180917\Release\new_downloader.pdb,wingames2015[.]com
08f6c7ed587ec73962840cadcaff4b087add8a1119b54a45547e5788fc898632,3342bed7ec58755f05ad20077a77d61e873b57e8,ae5f389be9058c241a237965304d7bf5,2017-09-13 09:46:01 UTC,"PE32 executable (GUI) Intel 80386, for MS Windows",82432,N/A,sound.muzicwonder[.]com
8b063914fe37908a0592f63e2117c3bcf38c1122acafd50c01622f03918f2641,b4451d793655356163728446fae4fcfd412d592b,23a8ce358b16128f1ca291a284c0f6ef,2017-08-11 13:54:06 UTC,"PE32 executable (GUI) Intel 80386, for MS Windows",387899,D:\Projects\WinRAR\sfx\build\sfxrar32\Release\sfxrar.pdb,aroundtheworld123[.]net
d18a7cd2bacd43e9a69f25018a3e26bca7f5a81ea42d83f24b68b8b45bb50983,ce478936f245647b557cd782a48c071fb7545e97,62bb4224d8e8ec5c3495090b09b52e1c,2017-08-11 13:54:06 UTC,"PE32 executable (GUI) Intel 80386, for MS Windows",2495733,D:\Projects\WinRAR\sfx\build\sfxrar32\Release\sfxrar.pdb,healthnewsone[.]com
a51f9d8ac4608205e5ab98e7f2c58182b9910660dd14218b9628e36e83ad9f11,12cdc34081200a2dd14864ddb27a370208802d4c,386f8503a69ca2e69a4f44b538855b05,2017-08-05 11:24:43 UTC,"PE32 executable (GUI) Intel 80386, for MS Windows",28768,N/A,[CORRUPT]
c6b67f1565243e31bdc9e9972a5c428154b7bb83364073731c1d16b03da0c75a,feb5734d567b976f860d21336fcc6989c8eb51df,bfc8d68fca03f4752897c552b7984523,2017-08-05 11:24:43 UTC,"PE32 executable (GUI) Intel 80386, for MS Windows",81920,N/A,wills.hairparker[.]com
a0f6284477a1f95261f694043cdbbe54851edfe045b7fc7b66beec378731b59c,57688c572d77a33453235f633f03b8dada507fff,2fcfae21ccf1dfd106aef422a27560bf,2017-07-11 17:13:05 UTC,"PE32 executable (GUI) Intel 80386, for MS Windows",82432,N/A,sound.muzicwonder[.]com
3089d64deb1a765cd1c716e0d0c563496ae58b09263a5a03349a26afdcb08a7d,27a558b89a257cb3b2f9fb657e45fba4e6930f57,5b942290149f5666ddfb1e2dd81a03ea,2017-07-05 10:48:08 UTC,"PE32 executable (GUI) Intel 80386, for MS Windows",100352,d:\backups\Projects5june2017\15Mar2017\Release\15Mar2017.pdb,a.churchill91[.]com
50979be9ab345a80560520d29e9ff346c62422d15415369f0b04e74c336a98be,6b969db1f2c52d3e74b82dd499621e42fe859a95,a89a7481273b873fab1aba09ae8d3483,2017-07-05 04:17:39 UTC,"PE32 executable (GUI) Intel 80386, for MS Windows",55544,N/A,[CORRUPT]
c3318683d23f66c08df84cbc33e226405acfccfe0c5c01c2fd7ceb9738b7bcd6,c097f9b21a56ee831b06f1effdc21ed375012835,f55425fc550f19b5a7d95a8f9f0eda46,2017-07-05 04:17:39 UTC,"PE32 executable (GUI) Intel 80386, for MS Windows",200704,g:\c++\new_downloader_wingames\Release\new_downloader.pdb,wingames2015[.]com
e1ad7ff6048e0118c589e06b4c52b5039ddc7ca2793a4c190c9bae732489bb78,f08b5c8aea768cf0bf7bcabfee02f0855df4e32d,4eb646b034c7f365212fd7491a94659d,2017-07-05 04:17:39 UTC,"PE32 executable (GUI) Intel 80386, for MS Windows",200704,g:\c++\new_downloader_wingames\Release\new_downloader.pdb,wingames2015[.]com
6924ebef3d138c2a1b5461c5f24ad287e8b483ede4363b9fd9e57abf8950476e,da8546039e0c8faaed9dd049a26569c23dab70d5,6a374c356b9dc65c63e83750c5eb30ff,2017-06-29 09:56:51 UTC,"PE32 executable (GUI) Intel 80386, for MS Windows",199680,g:\c++\new_downloader\Release\new_downloader.pdb,192.168.137[.]102
e44e94f5779ed0e2c077635a333a229e27d52411d3fa2b42434b1d3fe4b1fada,f0f4b43db52a96ef0f6abcbff2bf01ab0f01aaa6,10cacca80ef5767206969f75e03432f1,2017-05-12 07:22:53 UTC,"PE32 executable (GUI) Intel 80386, for MS Windows",80896,C:\intelc\Release\crystal.pdb,sterling66[.]com
a9fb70fe7fb18f2ee007fb2163124dad8df0c80a44a4cb2a76e88272f61608c2,ddc26d07789e8d29a13261200fc0230f27bc46ab,7b711b794d3607babcb0917134099f31,2017-05-08 09:44:36 UTC,"PE32 executable (GUI) Intel 80386, for MS Windows",80896,C:\intelc\Release\crystal.pdb,sterling66[.]com
755bcf2999baf812448fa00821f9a4c6cfba01dd26f3a1383060ccf63ff197f9,b9f27f0e134d7210f58f26674dcd2f7760982e5d,ecca8f4c7e14bbc1e3a06b9f8a41b53a,2017-05-08 07:31:23 UTC,"PE32 executable (GUI) Intel 80386, for MS Windows",91136,C:\Users\STONE\Documents\Visual Studio 2008\Projects\15Mar2017\Release\15Mar2017.pdb,a.churchill91[.]com
be62d6a96477bc52fcc9e7a1102d01d2e7495df4ae88d9bd9ba3bee7b4308cc5,f3e08e000bf3e398f48dc65427d5db8723abbfab,8da2dbb5f6171e0908674a69d412335b,2017-05-04 11:43:11 UTC,"PE32 executable (GUI) Intel 80386, for MS Windows",77312,C:\Users\WIN7-XP\Documents\Visual Studio 2008\Projects\intelc\Release\intelc.pdb,sterling66[.]com
833674b40ae5714d0f479461048ddc8439ee6631b16c4afaa6164ee8400c33b7,2889a06f5676c7cad7abeff4ec3406d8cdac24a1,99197cd2eef1b446f396b20d6bc3bb24,2017-05-04 09:17:55 UTC,"PE32 executable (GUI) Intel 80386, for MS Windows",81408,C:\crystal\Release\crystal.pdb,sterling66[.]com
bc0c5fe35ae4b84de7717c0fd18d7c3bb7fd53fc4c2d30dcd894cbde0c850d4e,9281047932405466b418bc3f50ecae809ed885fd,dac9f9bf6d7fe264f220932c2e73bde3,2017-05-04 08:41:39 UTC,"PE32 executable (GUI) Intel 80386, for MS Windows",99840,C:\Users\STONE\Documents\Visual Studio 2008\Projects\15Mar2017\Release\15Mar2017.pdb,a.churchill91[.]com
f3171fd468bbaeb73da16b8c0dd142f1296c4486ce03e0dad950a97a9029c75e,75771e26dc9528cf2e39fb698eea0661b396b71b,c009cc06ea2a0bf320884700a48ab835,2017-05-04 06:40:07 UTC,"PE32 executable (GUI) Intel 80386, for MS Windows",163840,G:\c++\sandy dl 03032017\Release\chrom.pdb,192.168.137[.]102
ad1de02434cb0897bf9812673615b5e88e6696241bab5b4e9599ab2ad01aa6ad,9d592df17ffe67cb7fcc3afd8a0248cdb3d383b9,33b1e07651f7b8654e8174de8415c134,2017-04-17 08:34:45 UTC,"PE32 executable (GUI) Intel 80386, for MS Windows",82944,N/A,sterling66[.]com
1757ec050038a168a8f595e9c315877efcb3336cf2f92d67654093f27fec8ef3,6a1a9031677c3d694a89e0b9dc4c4b0812d349bc,20472cf5d5d8328387f824b12f6b39ca,2017-03-29 06:24:43 UTC,"PE32 executable (GUI) Intel 80386, for MS Windows",159744,G:\c++\sandy dl 03032017\Release\hpc.pdb,192.168.137[.]102
e8d22481dd7c46289cccd0e216fb9850e28ddc82fdf556b029ed7d731719e0f2,d71acecc7974a66b8b3e459354e0481a82803c5b,de668364fc3ab1a225e75008f8a58ae4,2017-03-15 10:18:53 UTC,"PE32 executable (GUI) Intel 80386, for MS Windows",113096,C:\15Mar2017\Release\15Mar2017.pdb,woodwind71[.]com
11b4ae2f5de5f262128015d34230bd39c7e5f9ed07df59e08478667a1ddecafd,ec05eadf22d5843bc705bf01800f4c9b0585d97e,be15e8ed4f245b41a6168e6719c6058f,2017-03-06 10:01:19 UTC,"PE32 executable (GUI) Intel 80386, for MS Windows",160768,G:\c++\sandy dl 03032017\Release\sandy.pdb,victory1983.ddns[.]net
6a9924e6b751985073855aa8797ea0b6ffc5c499614e091af508fedf24c9066a,35bc3698aae46c4e258ee93a94ab954a7521287d,0db977b162c88b5383091c135adcd88a,2017-02-17 05:09:55 UTC,"PE32 executable (GUI) Intel 80386, for MS Windows",109568,C:\09Dec2016Dn\Release\09Dec2016Dn.pdb,stingray91[.]com
d9e733ba827aec7cf28a0c1062c9e143fd4c78528d176891ad3fd6315d65bebb,7bb136fcbc10a79ad0a674063ed540a53cdbda7d,4a4a5901208dfbbf30d7ae2b75aa5091,2016-11-10 04:32:38 UTC,"PE32 executable (GUI) Intel 80386, for MS Windows",78415,C:\light\Release\light.pdb,marvellighter[.]com
c4e6a7111fd1329abad33ed61504ba404e848e14b8d8d7b8c927825340988bc4,c364741b5f5e298cc6e74e9632b9a5d2d03179bf,9e8a774f352d8819528c8bfc12d7097b,2016-10-25 04:08:43 UTC,"PE32 executable (GUI) Intel 80386, for MS Windows",81168,C:\raven\Release\raven.pdb,marvellighter[.]com
e0d96c8065874d867ff58beffafea09f6095eb337eb7addfe3b75c8df61786d9,1a2ec73fa90d800056516a8bdb0cc4da76f82ade,c1958fa4ce470358407083ef394bbd54,2016-09-05 07:14:02 UTC,"PE32 executable (GUI) Intel 80386, for MS Windows",81680,C:\medal\Release\medal.pdb,medzone71[.]com
39481fd155923497adc6a3efe2c088aaa3eb4cee7991c4e30e6b747c4b96e310,6caae6853d88fc35cc150e1793fef5420ff311c6,db0f6127448c0f798d853ff672194237,2016-09-02 10:38:44 UTC,"PE32 executable (GUI) Intel 80386, for MS Windows",80896,C:\poke\Release\poke.pdb,destiny91[.]com
bf9cc00ff4a4c5df183cd1a5feadcec7af26ce41c804250df5c35a8429617c05,23b28275887c7757fa1d024df3bd7484753bba37,a1a5416f6e9c20cb370d6a9152c3e2e7,2016-09-02 10:38:44 UTC,"PE32 executable (GUI) Intel 80386, for MS Windows",82192,C:\poke\Release\poke.pdb,destiny91[.]com
8f84b588a2143fa6f977e63d905fd004dad8a7e2d33f07f9f329d607e19dffd1,ca75360d7e51be34364f7695ff1fd500fcddc5dd,05d6bda7744d6fa1e08c3bf7afca8c41,2016-08-14 19:15:54 UTC,"PE32 executable (GUI) Intel 80386, for MS Windows",370898,D:\Projects\WinRAR\sfx\build\sfxzip32\Release\sfxzip.pdb,wingames2015[.]com
41634a46b268a9d865e681caca10a6402c1d40717badb85434fc19f436add26b,dc410eb7943469ab181a917dc434f65b750a4126,ef8b828e2d2e7e0f2fc22f15db9d9f30,2016-08-14 19:15:49 UTC,"PE32 executable (GUI) Intel 80386, for MS Windows",407423,D:\Projects\WinRAR\sfx\build\sfxrar32\Release\sfxrar.pdb,wingames2015[.]com
b2401f03374718fc2e0159ca3f41828f62018bd992a46686d78213c751179a80,58c653eaaba3622b60fdc4e4a8dc1de61d1bcfb8,17875cd7c118256e6d285a79cb234c78,2016-08-14 19:15:49 UTC,"PE32 executable (GUI) Intel 80386, for MS Windows",390057,D:\Projects\WinRAR\sfx\build\sfxrar32\Release\sfxrar.pdb,stingray91[.]com
3bf745b985d414c13e03748eac230f1d89c56e3d8d320ab445e303e11dd94dac,ca33316d49b7527f2e040caecbe440be1f2e8e1a,bb450ecec5321cf2c9fc098309a47fa7,2016-07-22 10:11:09 UTC,"PE32 executable (GUI) Intel 80386, for MS Windows",82192,C:\poke\Release\poke.pdb,destiny91[.]com
482b664d6c579e041d4072b8e842bf224e6e86747a58d87773e35576c290c05e,2b873878b4cfbe0aeab32aff8890b2e6ceed1804,d4a0aef19d9e284faf4854c8f4fc660d,2016-06-28 09:13:40 UTC,"PE32 executable (GUI) Intel 80386, for MS Windows",81680,C:\iexpo\Release\iexpo.pdb,marvel89[.]com
8418c03df64eae258c785561256c99d48e14f95fd61703383d2d98c463e60454,e36de04e5e170ea8e903f427bbe3247f6c9a3b01,3aa252c9c859464e2db912cd6140f125,2016-06-15 07:05:52 UTC,"PE32 executable (GUI) Intel 80386, for MS Windows",166912,C:\Users\wonder\Desktop\dnew 31052016-xor\Release\dw3.pdb,chinatel90[.]com
7e98e0cba90f516a2e2e1f32ec0b8ec1719bf9c97413f142a25bb24ebedaed9f,308184c193517d7cc217feddd998524f5026d17a,8f2036f35444c8ac5c33de4806d4c4f4,2016-05-04 23:13:04 UTC,"PE32 executable (GUI) Intel 80386, for MS Windows",81680,C:\iexpo\Release\iexpo.pdb,marvel89[.]com
5a9bb6a15537927e52de54b174a56d9b8ded26f601978ff9435461fc752b47b0,c75b46b50b78e25e09485556acd2e9862dce3890,c669a30e0ade24502415868b282d111d,2016-05-02 17:54:27 UTC,"PE32 executable (GUI) Intel 80386, for MS Windows",81680,C:\iexpo\Release\iexpo.pdb,marvel89[.]com
1e11f2a26fd05f307c5f25308a8137b35243f97ab521b4815a0b19d3af390791,45aa61e1e6935a50f37ccc894d1af28fd2095d49,546df801ab370bc8062f15b2ac723572,2016-04-29 09:02:22 UTC,"PE32 executable (GUI) Intel 80386, for MS Windows",166400,C:\Users\wonder\Desktop\Edit\dnew 28042016 ok\Release\dw3.pdb,thematrix.esy[.]es
329197457dc834047696fe5677af2ea422aafaa8ca2e88003596df3efc04f8c4,6b048a2116cd594b64c3c2f091fd70a408f39c4d,ec9734731dc25a3fd84582f7060c6bac,2016-03-22 08:42:56 UTC,"PE32 executable (GUI) Intel 80386, for MS Windows",81920,c:\Winapp\Release\winapp3.pdb,confirm97[.]com
ad43fdd613c0271cbbc05a217b803c9814d2d1b3c9be5a73321d1a7e04134bab,10922aba6835cffbf9932c80d32226b883b9e12c,3c4bed8d649375050dba3a3a8df87d12,2015-07-06 11:55:16 UTC,"PE32 executable (GUI) Intel 80386, for MS Windows",165136,C:\Users\John\Desktop\Edit\dnew23062015-run no rest req - Copy\Release\dwe01.pdb,mappservworldvide.16mb[.]com
eae4d23fff41b071425251d4bcdd943890ae90f05d6fb1aff27586a3c5c5bfbc,cc15f5f5367d8af32cad56e591e74c84b6be2459,38ba17b9ae3a4a4733d716c2ecade70d,2015-06-10 11:49:51 UTC,"PE32 executable (GUI) Intel 80386, for MS Windows",164352,C:\Users\John\Desktop\dnew01052015-run mul exes avgok\Release\dwe01.pdb,johnywalter.webatu[.]com
7652b2bbf45e1ff5122f2d7ee83eaa3e64d5c496d2c616fb77252924fa3a0c32,98189fa59e78915c01c34e37186acec5b08c32a6,2ba337190f86affb65f0d232f44b7d52,2015-02-15 08:00:37 UTC,"PE32 executable (GUI) Intel 80386, for MS Windows",837366,d:\Projects\WinRAR\SFX\build\sfxzip32\Release\sfxzip.pdb,woodwind71[.]com
114c0898c89f2d06cb8a3d8fb2bcde17ae1f60e59274ae3ce31289f5c956725c,8324be94aa1a687bba252969faa61532b7d19ff9,9682bb80d1d31f10fa028359c975001d,,RTF,9003,N/A,sound.muzicwonder[.]com
52c10f300f15e6b4f7e3e1989a35c7d2719217f4d3d64fe0afcf83bb922ec61f,21994219c42018c6bf32a8e6f82a7fb0708be1cd,488f39e81fa6ab497062631595da2bb8,,RTF,9280,N/A,hewle.kielsoservice[.]net
782c87d4304fe5d1999cacf56b96908760fcf2b83a485e87a7bae329c1482f90,2969a38d8117e0fc7a60e509a7def8ab73974b9a,eb0ed8837657dbdca041522f67f8f69e,,Microsoft Word DOCX,42503,N/A,"red5big[.]com, wills.hairparker[.]com"
9292764ce4a84b29f2ca4598def80239dfd079451c113a45f2569d9ea220fac3,b63e2026f2bff873b9688cb3a58e8bdaec6a82d3,e39629316b4bf049fc9704dd00e41b6a,,RTF,32555,N/A,zmwardrobe[.]com
ace4f08d97437bc1134a10fd475a3d895006250a80e4e703d28a556a8bd25bbf,7f78e1a878049ddc58b4647dca8d9afef401b8b1,9f29e983967129916869a1b322764919,,RTF,521455,N/A,sound.muzicwonder[.]com
d128bdcedecee0fbc8ec440a3edd3fe624cfd9a6c0ed298fe7c26f0c86f21618,aafa1db1128b1afd8ff1d321e2841b6cfab07827,e152b5b7e9079f689ebaaa9b8fe2ed66,,RTF,10422,N/A,newmysticvision[.]com
e835280daa9d93f38ef7707a2672912515669f971c8e994754486d40524371db,fddfb467c6d04f7333206591a2105881be985d5c,e4abdd40f7d1adb3f139940438484695,,RTF,9280,N/A,thepandaservices.nsiagenthoster[.]net
e92a60c4776f8d0915524b2f3cb4f69e4e982251208cc09db4208a0c29a31ae6,3f3bb1896173c5d9f0ff6716e7606beb950bb683,8de8b89d053e17eb0fd003528b91c20f,,RTF,32555,N/A,font.jiangsuhost[.]com