Domain,Domain Use
0hyoung.net,Associated w/ Malware Actor
1-ships.com,Malware
1219sms.com,Malware
122455443446.com,Associated w/ Malware Actor
123432455s2db.com,Malware
123432insmile.com,Malware
123457564334556.com,Malware
14464447778.com,Associated w/ Malware Actor
1446444777854.com,Malware
1cmitalia.com,Malware
2334455666.com,Malware
2466554333.com,Malware
26i3.net,Associated w/ Malware Actor
2wiseworks.pw,Malware
32556778666.com,Malware
3452566787.com,Malware
3b-fibreglass.co,Associated w/ Malware Actor
3d-group-my.com,Associated w/ Malware Actor
433455666778.com,Malware
4slzzle.com,Associated w/ Malware Actor
4statertrucks.com,Associated w/ Malware Actor
4waysuspension.com,Associated w/ Malware Actor
5678899544.com,Malware
a-bugshangruop.com,Associated w/ Malware Actor
aaachek.com,Associated w/ Malware Actor
aaddcjmax.com,Associated w/ Malware Actor
aadesign-studio-it.biz,Associated w/ Malware Actor
aandhk.com,Associated w/ Malware Actor
aash.biz,Associated w/ Malware Actor
abar-q8.com,Associated w/ Malware Actor
abbotgroup.net,Fraud
abengao.com,Malware
abgafrican.com,Associated w/ Malware Actor
abhyudaypsyllum.com,Associated w/ Malware Actor
abiteccrop.com,Associated w/ Malware Actor
ablepafect.com,Associated w/ Malware Actor
ablndustry.com,Associated w/ Malware Actor
abrajornan.com,Associated w/ Malware Actor
abrmme.com,Malware
absengiineering.com,Associated w/ Malware Actor
acarthy.org.in,Malware
acbleustarmarine.com,Associated w/ Malware Actor
acbngi.com,Associated w/ Malware Actor
accctim.com,Associated w/ Malware Actor
accdistribution-ge.com,Associated w/ Malware Actor
acces-is.com,Associated w/ Malware Actor
accesoriosdepesca.net,Associated w/ Malware Actor
acco-uk.net,Associated w/ Malware Actor
accountgoogle-policy.us,Fraud
accountonlinesecure.com,Fraud
accountonlinesecures.com,Malware
accountxe.org,Associated w/ Malware Actor
accuphasse.com,Associated w/ Malware Actor
accuratedgeuae.com,Associated w/ Malware Actor
accuratelymade.com,Malware
acesimavicumbilaxuz.net,Malware
acruzmuzdexuz.net,Malware
adobedownloadupdate.com,Malware
adobepdfupdate.com,Malware
adr-do.org,Associated w/ Malware Actor
advancedfecus.com,Associated w/ Malware Actor
adwainstrument.com,Associated w/ Malware Actor
adyexpress.us,Associated w/ Malware Actor
aelean.com,Malware
aerosafety-delivery.com,Fraud
afeparsa.com,Malware
afqhanpharma-af.net,Associated w/ Malware Actor
afqhanpharma.com,Associated w/ Malware Actor
africaintels.com,Malware
afrricab.com,Malware
agamachuks.com,Malware
agamanndi.com,Malware
agecasec.com,Malware
agilennt.com,Associated w/ Malware Actor
agricom-vn.net,Associated w/ Malware Actor
agro-factoru.com,Associated w/ Malware Actor
agrobland.com,Associated w/ Malware Actor
agrodraqon.com,Associated w/ Malware Actor
agroresourcesvw.com,Associated w/ Malware Actor
agt-eq.com,Associated w/ Malware Actor
ahkumaiguoltd.com  ,Fraud
ahkumaiguoltd.net,Associated w/ Malware Actor
ahmadteas.com,Associated w/ Malware Actor
aiboonlinesv.com,Fraud
aiigroup.co,Associated w/ Malware Actor
aikimia.com,Associated w/ Malware Actor
ailere.com,Associated w/ Malware Actor
ajvisualsolutionns.com,Associated w/ Malware Actor
akesker.com,Associated w/ Malware Actor
aklimia.com,Associated w/ Malware Actor
aknigeria.net,Associated w/ Malware Actor
akyurekitd.com,Malware
akyureklimited.com,Associated w/ Malware Actor
al-bumia.com,Malware
al-femo.com,Associated w/ Malware Actor
alabamainternationalhotel.com,Associated w/ Malware Actor
alamoudiqatar.biz,Associated w/ Malware Actor
alansuppliersset.com,Associated w/ Malware Actor
alarablyamills.com,Associated w/ Malware Actor
alarthar.com,Associated w/ Malware Actor
albakrholding.com,Associated w/ Malware Actor
albakrii.com,Associated w/ Malware Actor
albatina.net,Associated w/ Malware Actor
albrumanshikuzi.net,Malware
albruzicux.net,Associated w/ Malware Actor
alcatelonatouch.com,Associated w/ Malware Actor
alchemiasa.net,Associated w/ Malware Actor
alcompharma.com,Associated w/ Malware Actor
aldannube.com,Malware
aleafresources.com,Associated w/ Malware Actor
alemadi-hospitalqatar.com,Associated w/ Malware Actor
alessandryarns.com,Associated w/ Malware Actor
alexanderfruit.com,Associated w/ Malware Actor
alexendriaairlines.com,Fraud
alexius-turbine.com,Fraud
alflaval.com,Associated w/ Malware Actor
alghanimgroup.biz,Associated w/ Malware Actor
algug.net,Associated w/ Malware Actor
alhajlry.com,Malware
alhaleesgroups.com,Associated w/ Malware Actor
alibanklondonltd.com,Associated w/ Malware Actor
alimanxiprod.net,Malware
alinxbruzacux.us,Associated w/ Malware Actor
alixmaxziz.net,Malware
alixmedelix.net,Malware
aliylun.com,Associated w/ Malware Actor
aljammaz.org,Associated w/ Malware Actor
alkhomasa.com,Associated w/ Malware Actor
alkurdi-sa.com,Associated w/ Malware Actor
alkuwati.com,Associated w/ Malware Actor
allaina.com,Associated w/ Malware Actor
allianceorganic.com,Associated w/ Malware Actor
alltoglass.com,Malware
allwellerfarid.com,Associated w/ Malware Actor
almazangeneraltradingllc.com,Associated w/ Malware Actor
almullegroup.com,Associated w/ Malware Actor
alnizemia.com,Associated w/ Malware Actor
alpcomment.net,Associated w/ Malware Actor
alphraoto.com,Associated w/ Malware Actor
alpinemetalstech.com,Associated w/ Malware Actor
alpnia.biz,Associated w/ Malware Actor
alpnia.com,Associated w/ Malware Actor
alrafldainfalcon.com,Associated w/ Malware Actor
alredwamedical.com,Associated w/ Malware Actor
alriazchemicals.biz,Associated w/ Malware Actor
alrlazchemicals.com,Associated w/ Malware Actor
alrnullagroup.com,Malware
alrostamanigroup-ae.com,Associated w/ Malware Actor
alsafi-pk.com,Associated w/ Malware Actor
alsenidli.com,Associated w/ Malware Actor
alsiafy.net,Malware
altagaequipments.com,Associated w/ Malware Actor
altayar-motors.com,Malware
aluflon.com,Associated w/ Malware Actor
aluglasgh.com,Associated w/ Malware Actor
alwedlyan.com,Associated w/ Malware Actor
aly-com-tr.biz,Associated w/ Malware Actor
alyesan.com,Associated w/ Malware Actor
ama-detergant.com,Associated w/ Malware Actor
amanspinnings.com,Associated w/ Malware Actor
amazonrias.com,Fraud
amazson.net,Associated w/ Malware Actor
ambardistributors.in,Associated w/ Malware Actor
ambassador-us.com,Fraud
american-petroleum.us,Associated w/ Malware Actor
americanmilitary.co,Fraud
amscoqlobal.com,Associated w/ Malware Actor
anaedogroup.com,Fraud
andrezwegroup.com,Malware
anekepaperaindah-id.com,Associated w/ Malware Actor
angelheart-foundation.org,Associated w/ Malware Actor
angelogalosso.com,Associated w/ Malware Actor
angora.in,Associated w/ Malware Actor
ani-inter.com,Associated w/ Malware Actor
anko-com-tw.com,Malware
annseck.com,Malware
ansacc.com,Associated w/ Malware Actor
antiksernpurna.com,Associated w/ Malware Actor
anzgrindlaysbank.info,Associated w/ Malware Actor
apaago.com,Malware
apavenn.com,Associated w/ Malware Actor
apextoolgrroup.com,Associated w/ Malware Actor
aplewires.com,Associated w/ Malware Actor
apoil.biz,Associated w/ Malware Actor
apollornw.com,Malware
appdubai.net,Malware
appdubia.com,Associated w/ Malware Actor
appleprize.org,Associated w/ Malware Actor
apsdiesel.com,Associated w/ Malware Actor
apumarine.com,Associated w/ Malware Actor
arabpresstige.com,Associated w/ Malware Actor
arafatdigitalexpress-af.com,Fraud
aravaliefence.com,Malware
arbrash.com,Associated w/ Malware Actor
arc-lnti.com,Associated w/ Malware Actor
arcelormittol.com,Associated w/ Malware Actor
archipellago-usa.com,Associated w/ Malware Actor
arcitko.com,Associated w/ Malware Actor
arcomheavyeqpt-ae.net,Associated w/ Malware Actor
ardaghgroups.com,Associated w/ Malware Actor
ardhal-rafldain.com,Associated w/ Malware Actor
ardogmus.com,Associated w/ Malware Actor
ardstudios.net,Malware
areide.com,Associated w/ Malware Actor
arenalifesciences.com,Associated w/ Malware Actor
argotrectors.com,Associated w/ Malware Actor
arianmlian.com,Associated w/ Malware Actor
ariantkhteh.com,Associated w/ Malware Actor
arihentanam.com,Associated w/ Malware Actor
arjowigins.com,Malware
arkstaship.com,Associated w/ Malware Actor
armanfze.com,Associated w/ Malware Actor
armydepartment.us,Fraud
armydept.us,Fraud
arnbanicera.com,Associated w/ Malware Actor
arnbanigroups.com,Associated w/ Malware Actor
arncylinders.com,Associated w/ Malware Actor
arnor-mx.com,Associated w/ Malware Actor
arnpap.com,Associated w/ Malware Actor
arnplicaexpresscc.com,Associated w/ Malware Actor
arrypetrol.com,Associated w/ Malware Actor
arshland.com,Associated w/ Malware Actor
arsianalumlnyum.com,Associated w/ Malware Actor
artandhome-cn.com,Associated w/ Malware Actor
artlandqattar.com,Associated w/ Malware Actor
aryaleaders.com,Associated w/ Malware Actor
as-llfe.com,Associated w/ Malware Actor
asaco-lr.com,Associated w/ Malware Actor
aseenontv-china.com,Associated w/ Malware Actor
asfintrust.com,Fraud
asharf.co,Associated w/ Malware Actor
asiaalliancecapital.com,Fraud
asiadragonintl.com,Associated w/ Malware Actor
asiafirstgroupltds.com,Associated w/ Malware Actor
ask-elce.com,Associated w/ Malware Actor
aslanlltel.com,Associated w/ Malware Actor
aslitiicaret.com,Malware
assertiocleaningservices.com,Associated w/ Malware Actor
astiqp.com,Malware
astornchina.com,Associated w/ Malware Actor
astowise.com,Malware
atactld.com,Associated w/ Malware Actor
ath-sa.com,Associated w/ Malware Actor
atlanco.co,Associated w/ Malware Actor
atlantclubes.com,Associated w/ Malware Actor
atlanticexpresslogistics.com,Fraud
atlanticlogistics.org,Associated w/ Malware Actor
atozcourierservices.com,Malware
atpdlesel.com,Associated w/ Malware Actor
auarafoods.com,Associated w/ Malware Actor
aucpia-gov-gh.com,Associated w/ Malware Actor
audaghana.com,Associated w/ Malware Actor
aunicred.com,Fraud
aurelhervey.com,Associated w/ Malware Actor
aurubindo.com,Associated w/ Malware Actor
austrendintenational.com,Associated w/ Malware Actor
autocuga-mx.com,Malware
automatkitchemsco.com,Associated w/ Malware Actor
avastnetworks.com,Malware
avi-centers.com,Associated w/ Malware Actor
aviatoncapital.com,Fraud
avienor.com,Associated w/ Malware Actor
avinchernistry.com,Associated w/ Malware Actor
avralab.co,Associated w/ Malware Actor
axaleatherqroup.com,Associated w/ Malware Actor
axelonintermational.com,Malware
axissecurityservices.com,Associated w/ Malware Actor
ayamholy.com,Malware
ayefarms.com,Malware
ayogoogle.com,Malware
aysuga.com,Associated w/ Malware Actor
azcorn.com,Associated w/ Malware Actor
azz-r.com,Associated w/ Malware Actor
babakgoods.com,Malware
babekar.com,Malware
baclaysbnk.com,Associated w/ Malware Actor
baghurt.net,Associated w/ Malware Actor
bahnamtrading.com,Associated w/ Malware Actor
baifepower.com,Associated w/ Malware Actor
bakitradng.com,Associated w/ Malware Actor
bakntrading.com,Associated w/ Malware Actor
bakrenergy.com,Associated w/ Malware Actor
bakritradng.com,Associated w/ Malware Actor
bakrlenergy.com,Associated w/ Malware Actor
bakrltrading.com,Associated w/ Malware Actor
balearesinvestmentcompany.com,Fraud
balieadomar.com,Associated w/ Malware Actor
baltagroups.com,Malware
baltrotors.co,Associated w/ Malware Actor
bankofjordan-jp.com,Associated w/ Malware Actor
barclaysbank-ghana.com,Fraud
barclaysmanager.com,Associated w/ Malware Actor
barclayssbonlines.com,Associated w/ Malware Actor
barclaystransferdepartment.com,Associated w/ Malware Actor
barteaessociates.com,Associated w/ Malware Actor
baseandflavuors.com,Malware
basesandflavours.com,Malware
basix-latins.com,Associated w/ Malware Actor
basoainvest.com,Associated w/ Malware Actor
bastway-brazil.com,Associated w/ Malware Actor
bathsolutionsotc.com,Malware
bayegan.biz,Malware
bbqr-optiben.com,Associated w/ Malware Actor
bchristerconsulting.com,Associated w/ Malware Actor
bcsteelregulating.com,Malware
bdlcapital.com,Malware
bdsaefoods.com,Associated w/ Malware Actor
beauty-imexports.com,Associated w/ Malware Actor
becoman.co,Associated w/ Malware Actor
behzadrnedical-bh.com,Associated w/ Malware Actor
bellnet.top,Associated w/ Malware Actor
bemetachus.com,Associated w/ Malware Actor
bendsandweld.com,Associated w/ Malware Actor
benfrank0809.com,Malware
bensonwrightcn.com,Malware
bensonwrightcn.net,Malware
bereavement-nationwide.com,Fraud
berlinpherm.com,Associated w/ Malware Actor
bertolisrl-eu.com,Associated w/ Malware Actor
bestelectronicusa.com,Associated w/ Malware Actor
bestrye.co,Malware
betoracle.net,Malware
betoracle.tips,Malware
betterlife-diok.com,Malware
bezeqiint.net,Associated w/ Malware Actor
bf-alu.com,Associated w/ Malware Actor
bhismarketing.com,Associated w/ Malware Actor
biccogruop.com,Associated w/ Malware Actor
bicworid.com,Associated w/ Malware Actor
bigdaddygroup.in,Malware
bigpower-cn.com,Associated w/ Malware Actor
biicl.co,Associated w/ Malware Actor
bill-bones.com,Malware
bincler-world.com,Associated w/ Malware Actor
bingeespana.com,Associated w/ Malware Actor
binmailk-ae.com,Associated w/ Malware Actor
binteldelivery.com,Associated w/ Malware Actor
bionnime.com,Associated w/ Malware Actor
bjhauduan.com,Malware
bjwlnup.com,Malware
bksinvestlegal.com,Malware
blancpian.com,Associated w/ Malware Actor
bloomsburryauctions.com,Associated w/ Malware Actor
bluebrid35.com,Associated w/ Malware Actor
bluecarneldubai.com,Associated w/ Malware Actor
bluedamube.com,Associated w/ Malware Actor
bluestareindia.com,Associated w/ Malware Actor
bmt--global.com,Associated w/ Malware Actor
bnkofamericapaying.us,Associated w/ Malware Actor
bntnl.com,Malware
bntnl.net,Malware
bo-re-tach.com,Associated w/ Malware Actor
boa-no.com,Malware
bobbyjoeconfirmed.biz,Associated w/ Malware Actor
bobzeemyanx.me,Associated w/ Malware Actor
boimashin.com,Associated w/ Malware Actor
boraplastilk.com,Associated w/ Malware Actor
borlandfinancecompany.com,Fraud
borougre.com,Fraud
borourge.com,Associated w/ Malware Actor
boruoge.com,Associated w/ Malware Actor
boruogre.com,Malware
bosco.xyz,Malware
bot-net.pw,Malware
botwest.com,Fraud
botwest.net,Associated w/ Malware Actor
botwests.com,Associated w/ Malware Actor
bpyachting.co,Associated w/ Malware Actor
bralvx.com,Associated w/ Malware Actor
brancherr.com,Associated w/ Malware Actor
branedt.co,Malware
breatac.com,Associated w/ Malware Actor
brenntag-it.com,Malware
brercagroup.com,Associated w/ Malware Actor
briconored.com,Associated w/ Malware Actor
brightfriend.bplaced.net,Malware
bringbackourgals.biz,Malware
bristolaxports.com,Associated w/ Malware Actor
brnubowl.com,Associated w/ Malware Actor
broadintegrations.net,Associated w/ Malware Actor
brokelimite.in,Malware
brokelimited.in,Fraud
brokelimiteds.in,Malware
brothersinternatonal.com,Associated w/ Malware Actor
brouwerijboelens-be.biz,Associated w/ Malware Actor
brownlabelfoods.com,Associated w/ Malware Actor
brunwsick.com,Associated w/ Malware Actor
brutiisnsfeed.co.in,Malware
bsagroupbd.com,Associated w/ Malware Actor
bsgcpk.com,Malware
btelevator.com,Associated w/ Malware Actor
buck-mhe.com,Associated w/ Malware Actor
buckylelemania.com,Malware
bugzyinc.com,Malware
bukilink.com,Malware
bullerconstruction.com,Fraud
bullksales.in,Malware
bullrnachine.com,Associated w/ Malware Actor
buraysh.com,Fraud
burtlexlanka.com,Malware
butterfleldgroup.com,Associated w/ Malware Actor
butterscotchtreat.com,Associated w/ Malware Actor
buzwarigases.com,Associated w/ Malware Actor
bxater.com,Associated w/ Malware Actor
bxater.net,Associated w/ Malware Actor
cabman-ng.com,Malware
cadovimex2.com,Associated w/ Malware Actor
calebmoore.xyz,Malware
callawayg0lf.com,Associated w/ Malware Actor
cameronclarkelawn.com,Associated w/ Malware Actor
camil-br.com,Associated w/ Malware Actor
canadahighcommission.com,Associated w/ Malware Actor
canetak.com,Associated w/ Malware Actor
canmarine-sg.com,Associated w/ Malware Actor
cantrade-sg.com,Associated w/ Malware Actor
cap--blanc.com,Associated w/ Malware Actor
capesa-za.com,Associated w/ Malware Actor
capitalsures.com,Malware
caravan--marketing.com,Associated w/ Malware Actor
carestrearn.net,Associated w/ Malware Actor
carluccigiardina.org,Malware
carreraycarrara.com,Associated w/ Malware Actor
carterrhk.com,Associated w/ Malware Actor
casatex.net,Associated w/ Malware Actor
casatexnow.net,Associated w/ Malware Actor
cashoutbillions.xyz,Malware
catalogfile.top,Fraud
cathybote.biz,Malware
catscambirdge.com,Associated w/ Malware Actor
cattt.net,Associated w/ Malware Actor
cavicchi-it.com,Associated w/ Malware Actor
cbeengineering.com,Associated w/ Malware Actor
cbonline-transfer.com,Associated w/ Malware Actor
cbsagro.com,Associated w/ Malware Actor
cbsgrouplimited.com,Associated w/ Malware Actor
cbslifestyles.com,Associated w/ Malware Actor
cbsmarines.com,Associated w/ Malware Actor
cbsnigeria.com,Associated w/ Malware Actor
cccjjdon.com,Associated w/ Malware Actor
ccginternational.org,Malware
ccnets.in,Malware
ccoconutwater.us,Malware
cdme-cy.biz,Malware
cennoworld.com,Malware
central-bankng.com,Fraud
centralstub.com,Malware
centrefiresystems.com,Associated w/ Malware Actor
centrouet.com,Malware
centurymedicalcentermy.com,Fraud
cerattec.com,Malware
cetaforrn.com,Associated w/ Malware Actor
cetinkayapeno.com,Associated w/ Malware Actor
cgc-oc.com,Associated w/ Malware Actor
cgh-pl.com,Associated w/ Malware Actor
chadwickenergy.com,Associated w/ Malware Actor
challengarturf.com,Malware
changyingsports.com,Associated w/ Malware Actor
charles.dormetools.com,Malware
chedarnet.com,Associated w/ Malware Actor
chemexprress.com,Associated w/ Malware Actor
chengycn.com,Associated w/ Malware Actor
chevrion.com,Associated w/ Malware Actor
chidi.dormetools.com,Malware
chieffoods.org,Fraud
chieffoodxs.com,Malware
chihadenitl.com,Associated w/ Malware Actor
chimmxyz.org.in,Malware
china-sakura.net,Associated w/ Malware Actor
chinabiacao.com,Associated w/ Malware Actor
chinaboylink.com,Malware
chinaklnmed.com,Malware
chinapapersmachinery.com,Associated w/ Malware Actor
chinaqfvelve.com,Associated w/ Malware Actor
chinasunimaster.com,Associated w/ Malware Actor
chinawalknbathtub.com,Associated w/ Malware Actor
chinaxiuming.com,Associated w/ Malware Actor
chinazhenying.com,Associated w/ Malware Actor
chinkeanyimaz.com,Associated w/ Malware Actor
chinos-001-site1.ctempurl.com,Malware
chinq.biz,Associated w/ Malware Actor
chinzikurishibuk.net,Malware
chkeyuforlife.com,Malware
chna.biz,Malware
chori-iren.com,Associated w/ Malware Actor
christeidigital.com,Associated w/ Malware Actor
christiancooper.co,Associated w/ Malware Actor
chrstiaens.com,Associated w/ Malware Actor
chtbnk.com,Associated w/ Malware Actor
chucheong.com,Associated w/ Malware Actor
chukky.xyz,Malware
chung-yuan.com,Associated w/ Malware Actor
chybekcousby.us,Associated w/ Malware Actor
chyke.in,Malware
chykecowell.net,Malware
cimbonline.net,Associated w/ Malware Actor
cimbonline.xyz,Malware
cirn-italianstyle.com,Associated w/ Malware Actor
cirsasl.net,Associated w/ Malware Actor
citadelofgraceorphanage.com,Malware
citcisteel.com,Associated w/ Malware Actor
citcuse.com,Associated w/ Malware Actor
citi-bnk.org,Fraud
citigroupe.com,Associated w/ Malware Actor
citlbankgroup.com,Fraud
citotiest.com,Associated w/ Malware Actor
cj.net84.net,Malware
cjdnexport.com,Malware
cjdonx.com,Malware
cjexportmax.com,Malware
cjexpress.org,Fraud
cjhhousev.com,Malware
cjjexport.com,Associated w/ Malware Actor
cjjjexportm.com,Associated w/ Malware Actor
cjjpuffyes.com,Malware
cjjtcak.com,Malware
cjleeuu.com,Malware
cjmaxfoodexport.com,Associated w/ Malware Actor
cjmaxp.com,Malware
cjmccwirewire.xyz,Associated w/ Malware Actor
cjmccwirewireboiz.xyz,Associated w/ Malware Actor
cjmccwirewireboizz.xyz,Malware
cjperfume.com,Associated w/ Malware Actor
cjpuffydon.com,Associated w/ Malware Actor
cjsportsbook.com,Associated w/ Malware Actor
cjuniquex.com,Malware
cjuniquexx.org,Associated w/ Malware Actor
clarionsshipping.com,Associated w/ Malware Actor
clarkesloanfinancialcompany.com,Associated w/ Malware Actor
clarlonmx.com,Associated w/ Malware Actor
clascco.com,Associated w/ Malware Actor
clein.in,Malware
clfcusa.com,Associated w/ Malware Actor
cloetens.biz,Associated w/ Malware Actor
cloud9restaurant.com.ng,Malware
clyduk.com,Associated w/ Malware Actor
cmpcrop.com,Associated w/ Malware Actor
cn-fanghua.com,Fraud
cnaqroup.com,Associated w/ Malware Actor
cnqauge.com,Associated w/ Malware Actor
coarch.net,Malware
cobradentaal.com,Malware
cocalot.com,Associated w/ Malware Actor
coelmo-it.biz,Associated w/ Malware Actor
cohama.co,Associated w/ Malware Actor
colbatannrey.com,Associated w/ Malware Actor
colfaxfluidhandlings.com,Associated w/ Malware Actor
colfaxfluidhandlinq.com,Associated w/ Malware Actor
colloidmll.com,Associated w/ Malware Actor
coloplest.com,Associated w/ Malware Actor
comp-connerc.com,Associated w/ Malware Actor
concllo.com,Associated w/ Malware Actor
confirmed.pw,Associated w/ Malware Actor
consolidated-suppliers-ae.net,Associated w/ Malware Actor
contactmike.com.ng,Malware
coolbabysport.com,Associated w/ Malware Actor
coosunchemicalshk.com,Malware
coosunchemicalshk.net,Associated w/ Malware Actor
copeiron.com,Associated w/ Malware Actor
coraseads.com,Associated w/ Malware Actor
cornedchemicals.com,Associated w/ Malware Actor
corntech-asia.com,Malware
corptextijlt.com,Associated w/ Malware Actor
cortias.net,Associated w/ Malware Actor
cosmosolars.com,Associated w/ Malware Actor
countryfarmorqanics.com,Malware
courierfastdelivery.com,Associated w/ Malware Actor
couttbonline.com,Associated w/ Malware Actor
couttsbnonline.com,Associated w/ Malware Actor
couttsbonline.net,Fraud
cprnasia.com,Associated w/ Malware Actor
cqloq.com,Associated w/ Malware Actor
creattivetent.us,Associated w/ Malware Actor
crescenttharapeutics.org,Associated w/ Malware Actor
crimesonintl.com,Associated w/ Malware Actor
crisimports.com,Malware
cristanini-it.com,Associated w/ Malware Actor
crorning.com,Associated w/ Malware Actor
crosscsmillin.com,Fraud
crosssmillin.com,Malware
crossydonalds.biz,Malware
crossyindiana.com,Malware
crownlntl-equipment.com,Associated w/ Malware Actor
cruzblinxfishzmuxki.net,Malware
csco-me.com,Associated w/ Malware Actor
cslongwell.biz,Associated w/ Malware Actor
ctlkbiotech.com,Associated w/ Malware Actor
ctonat.com,Associated w/ Malware Actor
cuhadaorglu.com,Malware
cullingbet.net,Associated w/ Malware Actor
cuongvlnh.com,Associated w/ Malware Actor
curtisur2000s1.com,Associated w/ Malware Actor
cus-stee1.com,Malware
cutsoluitions.com,Associated w/ Malware Actor
cxexport.com,Malware
cyoam.com,Associated w/ Malware Actor
d3xt3r.xyz,Malware
daktronicss.com,Associated w/ Malware Actor
damcyrefreshment.com,Associated w/ Malware Actor
dan-iyk.com,Associated w/ Malware Actor
danagruop.us,Associated w/ Malware Actor
danbreaker.com,Associated w/ Malware Actor
danmaro.com,Malware
daraihai.com,Associated w/ Malware Actor
darjustice.com,Malware
dast00r.com,Associated w/ Malware Actor
datacan.co,Associated w/ Malware Actor
datatechnice.com,Associated w/ Malware Actor
datlabs.co,Malware
daurm.net,Malware
dautunity.trade,Associated w/ Malware Actor
dave-tr.com,Associated w/ Malware Actor
davidlex007.biz,Malware
dawson-qroup.com,Associated w/ Malware Actor
dcbdubia.com,Associated w/ Malware Actor
dcdesignar.com,Associated w/ Malware Actor
de24tech.pw,Malware
debohbenchmark.com,Fraud
defencecourierservice.com,Fraud
defensecourierdelivery.org,Associated w/ Malware Actor
defensecourierservice.com,Fraud
degreat.host56.com,Malware
degreat.ye.vc,Malware
degreat247.no-ip.biz,Malware
degreat248.no-ip.org,Malware
degreatworks.pw,Malware
deisse.net,Associated w/ Malware Actor
dejpe.com,Associated w/ Malware Actor
deliveryvaults.com,Fraud
dellmacorp.com,Associated w/ Malware Actor
delselectex.xyz,Malware
deltabeo.com,Malware
deltaship.pw,Malware
demaxexport.com,Malware
denay.co,Associated w/ Malware Actor
dennishopkinsfinance.com,Fraud
dennishopkinsfinancehome.com,Fraud
deopyu.com,Associated w/ Malware Actor
derekz.xyz,Malware
dericksl.com,Associated w/ Malware Actor
destmancart.top,Malware
deutscheonlinebnk.com,Associated w/ Malware Actor
deveoffshore.com,Associated w/ Malware Actor
dewnfoods.com,Malware
dewson-group.com,Associated w/ Malware Actor
dexpressrultd.com,Malware
dgmegazalixkush.net,Malware
dhsusa.org,Associated w/ Malware Actor
diakirno.com,Associated w/ Malware Actor
diamondlogs.in,Malware
diamondskysecurity.net,Malware
diarnondbyhk.com,Associated w/ Malware Actor
diaseight.com,Fraud
dingshneggroup.com,Associated w/ Malware Actor
diplomaticcourier-services.com,Malware
diplomaticcourier.net,Associated w/ Malware Actor
diplooffice.org,Malware
dirdqroup.org,Associated w/ Malware Actor
dittrenme.com,Malware
dividrilling.com,Associated w/ Malware Actor
djcjmaxport.org,Associated w/ Malware Actor
djy-extrudar.com,Associated w/ Malware Actor
dlandbtrust.net,Fraud
dlandtrust.com,Malware
dlandtrust.net,Associated w/ Malware Actor
dlrectfish.com,Associated w/ Malware Actor
dmgevenstme.com,Associated w/ Malware Actor
dmoney321.net,Associated w/ Malware Actor
dmu-cn.com,Associated w/ Malware Actor
dnaum.net,Associated w/ Malware Actor
doforni.co,Associated w/ Malware Actor
dohraextraco.com,Associated w/ Malware Actor
dolomite.ueuo.com,Malware
domainpxxxx.com,Malware
donbro-001-site1.itempurl.com,Malware
doncjd.com,Malware
donclef.xyz,Malware
done-f.com,Associated w/ Malware Actor
donigadi.bplaced.net,Malware
dooglebays.org,Malware
dopihing-agencies.com,Associated w/ Malware Actor
dozie.xyz,Malware
dp1kenya.com,Associated w/ Malware Actor
dpdcourieruk.com,Fraud
dpdcyprusexpress.com,Fraud
dpdexpresscyprus.com,Associated w/ Malware Actor
dpdexpressuk.com,Fraud
dpdparcelexpress.com,Associated w/ Malware Actor
dpdukparcel.com,Malware
dpdukparcelservice.com,Fraud
dragonhaert-ltd.com,Associated w/ Malware Actor
dreamworldafricana.com,Malware
dressr-rand.com,Associated w/ Malware Actor
drfoxxy.com,Associated w/ Malware Actor
drjohnhillmedlab.net,Associated w/ Malware Actor
dropchemical.in,Associated w/ Malware Actor
dsbist.com,Associated w/ Malware Actor
dsdgalaxy.co,Associated w/ Malware Actor
dtbuganda-ug.com,Associated w/ Malware Actor
du0plc.com,Associated w/ Malware Actor
duckwooo.com,Associated w/ Malware Actor
dulagaroil.com,Associated w/ Malware Actor
dumudstransfer.com,Associated w/ Malware Actor
dumudtransfer.com,Associated w/ Malware Actor
dunamixshipping.com,Fraud
dunikuzimunichi.net,Malware
duprey-hk.com,Associated w/ Malware Actor
dwtgroupe.com,Associated w/ Malware Actor
dynamicparceldelivery.com,Fraud
dynamicstransfer.com,Associated w/ Malware Actor
dzflxings.com,Associated w/ Malware Actor
e-seatech.com,Associated w/ Malware Actor
eaqro.in,Associated w/ Malware Actor
eastem-national.com,Associated w/ Malware Actor
easternb.net,Fraud
eastoprnotor.com,Malware
easy-care.co,Associated w/ Malware Actor
ebyexport.com,Associated w/ Malware Actor
ecap--egypt.com,Associated w/ Malware Actor
ecaupack.com,Associated w/ Malware Actor
ecicolor-mx.com,Associated w/ Malware Actor
ecobank-bf.com,Associated w/ Malware Actor
ecodlsplaycn.com,Associated w/ Malware Actor
ecopreneurr.com,Associated w/ Malware Actor
ecowas-int.com,Fraud
ecuiline.com,Associated w/ Malware Actor
eden--shield.com,Associated w/ Malware Actor
edetbunganti.top,Malware
edfenergy.us,Associated w/ Malware Actor
ee34567.com,Malware
efgfinanceb.com,Associated w/ Malware Actor
eggeer.com,Associated w/ Malware Actor
egomaldive.com,Associated w/ Malware Actor
egotack.com,Associated w/ Malware Actor
eightmaxing.in,Malware
eiib-security.com,Fraud
eimae.net,Associated w/ Malware Actor
ekarnyway.com,Associated w/ Malware Actor
ekipilimited.com,Associated w/ Malware Actor
ekoshar.com,Associated w/ Malware Actor
ekreyam.com,Associated w/ Malware Actor
el-shaddaichurch.org,Associated w/ Malware Actor
electirc-hz.com,Associated w/ Malware Actor
electrogets.com,Associated w/ Malware Actor
elementhiss.com,Associated w/ Malware Actor
eleqanthouseware.com,Associated w/ Malware Actor
elesalubricentes.com,Malware
elicos.info,Malware
elicos1.xyz,Malware
elmerchocoletier.com,Associated w/ Malware Actor
elrnec-ae.com,Associated w/ Malware Actor
elsaiver.com,Associated w/ Malware Actor
elsamec.net,Associated w/ Malware Actor
embutidlossola.com,Associated w/ Malware Actor
emea-nec.co,Associated w/ Malware Actor
emefashions.com,Associated w/ Malware Actor
emgspedltion.net,Associated w/ Malware Actor
emmegiseatings.com,Associated w/ Malware Actor
empirecrane.co,Malware
emrapharma.com,Associated w/ Malware Actor
emriates.net,Associated w/ Malware Actor
engesar.com,Associated w/ Malware Actor
eno-muslc.com,Malware
enrclosed.com,Associated w/ Malware Actor
entrekinlaws.com,Associated w/ Malware Actor
enufredtopqualities.com,Associated w/ Malware Actor
envalco.com,Fraud
enzcoplc.com,Associated w/ Malware Actor
eorope-bd.com,Associated w/ Malware Actor
eorope.com,Associated w/ Malware Actor
ephysimenergy.com,Malware
epochct-ae.biz,Associated w/ Malware Actor
ericwest.asia,Malware
erna-bg.com,Associated w/ Malware Actor
eruslutkestil.com,Malware
escrowoffshoremanagementlimited.com,Associated w/ Malware Actor
esecompany.biz,Malware
eteco-cl.top,Associated w/ Malware Actor
etemalco.com,Associated w/ Malware Actor
etenm.com,Associated w/ Malware Actor
ethypharm-cn.com,Associated w/ Malware Actor
etisarvice.com,Associated w/ Malware Actor
ettken.com,Associated w/ Malware Actor
eurocontrolint.co,Associated w/ Malware Actor
euroirnmun.com,Associated w/ Malware Actor
eurotroinx.com,Associated w/ Malware Actor
evafek.com,Associated w/ Malware Actor
evellemusic.com,Malware
evelxutech.com,Associated w/ Malware Actor
evergreenexchangers.com,Associated w/ Malware Actor
evergreenrealworks.com,Malware
eversafe.xyz,Malware
evershowuato.com,Associated w/ Malware Actor
evripridis.com,Associated w/ Malware Actor
ewptr.com,Associated w/ Malware Actor
exal-technologys.com,Associated w/ Malware Actor
examgist.com,Malware
exatak.com,Associated w/ Malware Actor
exceldipdelivery.com,Fraud
excobamarine.com,Associated w/ Malware Actor
exiino.com,Associated w/ Malware Actor
exportandimportllc.com,Associated w/ Malware Actor
exposr1.com,Associated w/ Malware Actor
express-plasts.com,Associated w/ Malware Actor
expressglobaltrading.info,Malware
extreminator.xyz,Malware
exxonrnobll.com,Associated w/ Malware Actor
f2dlon.net,Malware
faa-tw.com,Associated w/ Malware Actor
fabulouslinktrading.com,Associated w/ Malware Actor
fabulouxlinktrading.com,Associated w/ Malware Actor
fabuluxlinktradingcoltd.com,Associated w/ Malware Actor
fahllke.com,Associated w/ Malware Actor
faidsfoundations-us.org,Associated w/ Malware Actor
faisalaishuhail.com,Associated w/ Malware Actor
faiyuanchem.com,Associated w/ Malware Actor
falconearo.net,Associated w/ Malware Actor
falconppp.com,Associated w/ Malware Actor
fanagroup.net,Associated w/ Malware Actor
fandis.co,Associated w/ Malware Actor
fapgarrotxa.com,Associated w/ Malware Actor
farfangas.com,Associated w/ Malware Actor
farklsh.net,Fraud
farmesino.com,Associated w/ Malware Actor
farragala.com,Associated w/ Malware Actor
fastaninghouse.com,Associated w/ Malware Actor
fasttrackexpressdelivery.us,Fraud
fatek.co,Associated w/ Malware Actor
favbobzee.info,Associated w/ Malware Actor
faw-co.pw,Malware
fayz-qroup.com,Associated w/ Malware Actor
fbideptinvestigate.us,Fraud
fbigov.org,Fraud
fbnig.com,Malware
fc-api.com,Associated w/ Malware Actor
fca-uk.org,Associated w/ Malware Actor
fcda-ng.org,Malware
fcefinance.org,Malware
fcesecurity.com,Associated w/ Malware Actor
fcmbservices.com,Fraud
fcommscus.org,Fraud
fdc-com-lb.com,Associated w/ Malware Actor
federalm0gul.com,Malware
federalmoqul.com,Malware
federelmogul.com,Malware
fedsin.net,Associated w/ Malware Actor
felixairvvays.com,Fraud
femsonmarine.com,Malware
festacynthia.com,Malware
fffvision.com,Associated w/ Malware Actor
fidelilogistics.com,Fraud
fielquimec-ec.com,Associated w/ Malware Actor
fifaregionalprojects.org,Malware
filipxoziliuz.net,Malware
filtrationengr.com,Associated w/ Malware Actor
filuggage.com,Associated w/ Malware Actor
financeafrica.net,Associated w/ Malware Actor
financeanddevelopmentcorporationlimited.com,Fraud
financeetech.com,Malware
financial.duckdns.org,Malware
finiazz.com,Malware
firstrepublicbkc.org,Fraud
firststarservices.top,Fraud
fitchersbook.org.in,Malware
fivesigroup.com,Associated w/ Malware Actor
fizate.com,Associated w/ Malware Actor
flaminglabs.com,Associated w/ Malware Actor
flashair-trans.asia,Fraud
flexecam.com,Associated w/ Malware Actor
flexuxpress.com,Associated w/ Malware Actor
fln-nd.com,Associated w/ Malware Actor
fo-netuno-it.com,Associated w/ Malware Actor
foarnheads.com,Malware
focus-grnt-tech.com,Associated w/ Malware Actor
foilot.com,Associated w/ Malware Actor
foodsuorce.us,Associated w/ Malware Actor
foodsurce.us,Associated w/ Malware Actor
foresightsnigeria.com,Associated w/ Malware Actor
formicagam.com,Malware
forstarefoods.com,Malware
fortaimpex.com,Associated w/ Malware Actor
fortune--best.com,Associated w/ Malware Actor
foumdocean.com,Associated w/ Malware Actor
fountian.co.za,Associated w/ Malware Actor
foxmaii.net,Associated w/ Malware Actor
foxrnail.net,Associated w/ Malware Actor
foxrnails.co,Associated w/ Malware Actor
france-elevatuer.net,Associated w/ Malware Actor
franchiseclearing-exchange.com,Fraud
franklinjed.com,Associated w/ Malware Actor
frankman.mobi,Malware
frankorton.com,Malware
frankyzulike.org.in,Malware
franvester.com,Associated w/ Malware Actor
frasaryachts.com,Associated w/ Malware Actor
fredom-sky.com,Associated w/ Malware Actor
fregyaconstltd.com,Associated w/ Malware Actor
frenchconnetion.com,Associated w/ Malware Actor
freshloggerz.com,Associated w/ Malware Actor
frieslandcampna.com,Associated w/ Malware Actor
frluggege.com,Associated w/ Malware Actor
frpaide.com,Malware
frutadali.com,Associated w/ Malware Actor
fscaro.com,Fraud
fsdcomsats.net,Associated w/ Malware Actor
fsliefan.com,Associated w/ Malware Actor
fssdcomsats.com,Malware
ftnlt.com,Associated w/ Malware Actor
fujiexport.net,Associated w/ Malware Actor
fujiexport.org,Associated w/ Malware Actor
fullsuripack.com,Associated w/ Malware Actor
fulnog.com,Associated w/ Malware Actor
furulsen.com,Associated w/ Malware Actor
future-chemical.net,Associated w/ Malware Actor
future-furnitures.com,Malware
fyzee.top,Malware
fyzee.xyz,Malware
g-t-b-online.com,Associated w/ Malware Actor
gabfriend.vapr.cc,Malware
gadaexport.com,Malware
galars.biz,Associated w/ Malware Actor
galaxy-film-cn.com,Associated w/ Malware Actor
galaxyvalve.biz,Malware
galentics.com,Associated w/ Malware Actor
galqha.com,Associated w/ Malware Actor
ganeshegro.com,Associated w/ Malware Actor
gap-polymars.com,Associated w/ Malware Actor
gapapper.com,Associated w/ Malware Actor
gardnardenver.com,Associated w/ Malware Actor
gardnerdenvre.com,Associated w/ Malware Actor
garki-hospital.com,Malware
gasstocksinc.com,Associated w/ Malware Actor
gb-bks.com,Fraud
gbmme.co,Associated w/ Malware Actor
gcb-gh.com,Fraud
gcb-gh.net,Fraud
gcb-ghana.com,Fraud
gcb-info.com,Associated w/ Malware Actor
gcp-baristers.com,Associated w/ Malware Actor
gdreenny.com,Malware
gea-e.com,Associated w/ Malware Actor
geenicreations.com,Malware
geeupzz.com,Associated w/ Malware Actor
gemarhuy.com,Malware
genparckhsa.com,Fraud
gepbooks.org,Associated w/ Malware Actor
gesdeliveries.net,Fraud
gexcourier.com,Fraud
gftarde.com,Associated w/ Malware Actor
ghaclays.com,Associated w/ Malware Actor
ghanap0rts.net,Associated w/ Malware Actor
ghatrankevah.com,Associated w/ Malware Actor
ghazanfarqroup.com,Associated w/ Malware Actor
ghequipments.com,Fraud
ghoshexport.com,Fraud
gifccen.com,Fraud
gifcenuk.com,Fraud
gifchou.com,Malware
giftonelucw.top,Associated w/ Malware Actor
gigant-gruop.com,Malware
giitre.net,Associated w/ Malware Actor
ginizinger.com,Associated w/ Malware Actor
girffonhoverwork.com,Associated w/ Malware Actor
girlchildright.biz,Malware
giti.xyz,Malware
gjunquerra.com,Associated w/ Malware Actor
glaciergroups.com,Fraud
glenrotheshospital-uk.com,Fraud
globalaffairs-nl.com,Malware
globalexpressmarket.info,Fraud
globalfishtrading.biz,Associated w/ Malware Actor
globall.net.in,Associated w/ Malware Actor
globalpcun.com,Fraud
globalpcuniongroup.com,Fraud
globalrniningequipment.com,Associated w/ Malware Actor
globalxeport.com,Associated w/ Malware Actor
glocara.com,Associated w/ Malware Actor
glsaton.net,Associated w/ Malware Actor
gmidinc.com,Associated w/ Malware Actor
gmoneygroup.xyz,Malware
gogotest12321354.com,Malware
goilngas.com,Associated w/ Malware Actor
goldengrains-dubai.com,Associated w/ Malware Actor
goldengramsdubai.com,Malware
goldlifemmg.com,Malware
goldraygroup.com,Associated w/ Malware Actor
goldstabs.com,Associated w/ Malware Actor
goldstarfinancegroup.com,Fraud
goo-jp.com,Associated w/ Malware Actor
goodiesfoodltd.com,Associated w/ Malware Actor
goodmorninbredrn.net,Malware
goodwellbeard.biz,Malware
goodwellbeard.in,Malware
goodworks.ma,Associated w/ Malware Actor
goody-sa.com,Associated w/ Malware Actor
goooglesecurity.com,Malware
gopack-it.com,Associated w/ Malware Actor
goyuongcorp.com,Associated w/ Malware Actor
gp-2016.com,Fraud
gpcunio.com,Fraud
gpcunion.com,Fraud
gpcuniongroup.com,Fraud
grafrtyp.com,Associated w/ Malware Actor
grantuorbagno.com,Associated w/ Malware Actor
greatnessempire.biz,Associated w/ Malware Actor
greektracle.com,Associated w/ Malware Actor
greenlifepapers.com,Associated w/ Malware Actor
greenpotfds.com,Malware
greenproducts.x10host.com,Malware
greenrnountainproducts.com,Associated w/ Malware Actor
greenz-nz.com,Fraud
greepyy.com,Malware
gref-equipment.com,Associated w/ Malware Actor
gref-gmbh.com,Associated w/ Malware Actor
groombinvest.com,Malware
groundwetersupply.net,Malware
groupdalphi.com,Associated w/ Malware Actor
groupfinacier.org,Associated w/ Malware Actor
grouponlin.com,Fraud
grouponlins.com,Fraud
groups-onlines.com,Fraud
groupsdayuan.com,Associated w/ Malware Actor
groupsonlin.com,Fraud
groupsonlines.com,Fraud
groupsonliness.com,Malware
groupsonlins.com,Associated w/ Malware Actor
groupsonlinss.com,Associated w/ Malware Actor
groupsonlnes.com,Associated w/ Malware Actor
groupsonlns.com,Fraud
groupsonls.com,Fraud
groupss.org,Fraud
groupssonline.com,Fraud
groupssonlines.com,Associated w/ Malware Actor
groupssonliness.com,Fraud
grqlimited.com,Associated w/ Malware Actor
gsgcrop.com,Associated w/ Malware Actor
gspfoodgroup.com,Associated w/ Malware Actor
gtbbnkghana.info,Associated w/ Malware Actor
guangslhunsz.com,Associated w/ Malware Actor
guarantytrustbank.us,Associated w/ Malware Actor
guerlian.in,Malware
gulfcable.us,Associated w/ Malware Actor
gulfelectrcal.com,Associated w/ Malware Actor
gulfmedlcal.com,Malware
gulfrnining.com,Associated w/ Malware Actor
gulfsteelworkks.com,Malware
guppyplastlcpg-my.com,Associated w/ Malware Actor
guspoty.com,Malware
gvaradenengg.com,Fraud
h2coconut.in,Associated w/ Malware Actor
habanoscanarias.biz,Associated w/ Malware Actor
habasiit.com,Associated w/ Malware Actor
hackermind.info,Malware
hakanfoods.co,Associated w/ Malware Actor
halaed.net,Associated w/ Malware Actor
halmarkexpress.com,Fraud
hammondllps.com,Fraud
hamttagroup.com,Associated w/ Malware Actor
hanasls.com,Associated w/ Malware Actor
hancoinc.com.ng,Malware
handelisboden.com,Associated w/ Malware Actor
hanepower.com,Malware
hannefordfinancecompany.com,Associated w/ Malware Actor
haonglongseafood.com,Associated w/ Malware Actor
hapoali.com,Fraud
hardwoodhosting.biz,Malware
harikasdrugs.com,Malware
harikedrugs.com,Associated w/ Malware Actor
harmetic-pumpen.com,Associated w/ Malware Actor
harmonylineitalia.com,Associated w/ Malware Actor
harperhygeinics.com,Associated w/ Malware Actor
harreemet.com,Associated w/ Malware Actor
harrywineston.com,Associated w/ Malware Actor
hartalega-my.com,Malware
hascelk.com,Fraud
hastidraroodarman.com,Associated w/ Malware Actor
hatta.co,Associated w/ Malware Actor
hatziyiannakis.org,Associated w/ Malware Actor
havvke-hts.com,Associated w/ Malware Actor
hayatamdalaj.com,Associated w/ Malware Actor
haywardtlyer.com,Associated w/ Malware Actor
hb-trades.com,Associated w/ Malware Actor
hbcschems.com,Associated w/ Malware Actor
hbzholdlng.com,Malware
hcqroep.com,Associated w/ Malware Actor
headlinars.com,Malware
headspringchem.com,Associated w/ Malware Actor
healgien.com,Malware
hebglasswere.com,Malware
heizfreightsservicesandcourier.com,Fraud
hellomedia.ng,Malware
hen231356.com,Associated w/ Malware Actor
henriksen-nl.com,Associated w/ Malware Actor
henryindo.freeiz.com,Malware
hetc0.net,Associated w/ Malware Actor
heuer-gbmh.com,Associated w/ Malware Actor
hfnnuts.com,Malware
hgccc-usa.com,Associated w/ Malware Actor
hibnite.com,Associated w/ Malware Actor
hibrite.org,Associated w/ Malware Actor
hidglobals.com,Associated w/ Malware Actor
hidglobals.website,Associated w/ Malware Actor
hidramer.com,Associated w/ Malware Actor
hidremar.com,Associated w/ Malware Actor
hienzmannuk.com,Associated w/ Malware Actor
highdraem.net,Associated w/ Malware Actor
hightech-rnould.com,Malware
hiidglobal.com,Associated w/ Malware Actor
hilary.org.in,Malware
hima.red,Malware
hiqhcon.net,Associated w/ Malware Actor
hirschman-automotive.com,Associated w/ Malware Actor
hirschmann-automtive.com,Associated w/ Malware Actor
hiti.co.za,Associated w/ Malware Actor
hk-vat.net,Associated w/ Malware Actor
hlitonglove.com,Associated w/ Malware Actor
hmrc-uk.com,Malware
hnksszmy.com,Associated w/ Malware Actor
hnsll.net,Associated w/ Malware Actor
hoanchoa.com,Associated w/ Malware Actor
hoanchou.com,Associated w/ Malware Actor
hoanchua.com,Associated w/ Malware Actor
hoeleng.com,Associated w/ Malware Actor
hoesch-metallurgies.com,Associated w/ Malware Actor
holbornfinanceholdingcompany.com,Fraud
holdenceble.com,Associated w/ Malware Actor
holiks-smg.net,Associated w/ Malware Actor
holsan.net,Associated w/ Malware Actor
holymentorltd.biz,Malware
homeland-security.net,Associated w/ Malware Actor
homelandsecurity-ny.com,Fraud
honebor.com,Associated w/ Malware Actor
honghiucn.com,Associated w/ Malware Actor
hongilchair.com,Associated w/ Malware Actor
hongshnegoil.com,Associated w/ Malware Actor
honygu-wuzhou.com,Associated w/ Malware Actor
hopetri.com,Associated w/ Malware Actor
hotcehe.com,Associated w/ Malware Actor
hpcti.com,Associated w/ Malware Actor
hpglmail.com,Malware
hplsindia.com,Associated w/ Malware Actor
hsbc-onlineservices.com,Fraud
hsbc-remittance.info,Associated w/ Malware Actor
hsbc-services.com,Associated w/ Malware Actor
hsbconlinesg.com,Associated w/ Malware Actor
hsbctrust.net,Associated w/ Malware Actor
hsbonline.net,Associated w/ Malware Actor
hscbfin.com,Associated w/ Malware Actor
hsdia.co,Associated w/ Malware Actor
hshengkia.com,Associated w/ Malware Actor
hshk-esservice.com,Associated w/ Malware Actor
hstern-br.com,Associated w/ Malware Actor
huajiagroups.com,Associated w/ Malware Actor
huawe1.com,Associated w/ Malware Actor
hunargreatsteel.com,Associated w/ Malware Actor
huqwei.com,Associated w/ Malware Actor
husrars.com,Associated w/ Malware Actor
hyc-system.net,Associated w/ Malware Actor
hydetoolls.com,Associated w/ Malware Actor
hygienika-pl.com,Associated w/ Malware Actor
hyprocalypack.co,Associated w/ Malware Actor
hytekgd.com,Malware
hzkiaru.com,Associated w/ Malware Actor
i-cloudd.com,Associated w/ Malware Actor
i-pagsa.com,Associated w/ Malware Actor
iafrican.top,Malware
ibelceramic.com,Associated w/ Malware Actor
ibeshoe.com,Malware
ibeshoes.com,Malware
ibnslna-medical.com,Associated w/ Malware Actor
icbcthaionline.com,Fraud
ici-relc.com,Associated w/ Malware Actor
iciconline.co.in,Malware
icioic.com,Associated w/ Malware Actor
iclond1.com,Associated w/ Malware Actor
id-indorama.com,Associated w/ Malware Actor
idaes91.com,Associated w/ Malware Actor
idolmobliya.com,Associated w/ Malware Actor
ie-ibrn.com,Associated w/ Malware Actor
ieslng.com,Fraud
ifastservice.com,Associated w/ Malware Actor
igboandagama.in,Malware
ignc.in,Associated w/ Malware Actor
ikebobo-001-site1.itempurl.com,Malware
ikpeego.biz,Malware
ilad.co.za,Associated w/ Malware Actor
illselex.com,Associated w/ Malware Actor
imaxchinaltd.com,Associated w/ Malware Actor
imfychina.com,Associated w/ Malware Actor
iminidustries.com,Associated w/ Malware Actor
impall.biz,Malware
importoco.com,Associated w/ Malware Actor
impresit.org,Associated w/ Malware Actor
imrenrnarmara.com,Associated w/ Malware Actor
in-lot-2015.com,Malware
in-lot.com,Associated w/ Malware Actor
indentai.com,Associated w/ Malware Actor
indianmoneybag.in,Malware
industiras-bitex.com,Associated w/ Malware Actor
information-ny.com,Fraud
ingholland.com,Malware
ingredlion.com,Associated w/ Malware Actor
insignialinan.com,Associated w/ Malware Actor
institutopescagob-ec.com,Associated w/ Malware Actor
intakom.co.za,Associated w/ Malware Actor
intarcem.com,Associated w/ Malware Actor
inteduediligencefze.com,Associated w/ Malware Actor
integralglobalng.com,Associated w/ Malware Actor
intermetegypt.com,Associated w/ Malware Actor
intermfs.org,Associated w/ Malware Actor
intersnack-de.com,Associated w/ Malware Actor
intertratoramerica.com,Malware
intracoustics.com,Associated w/ Malware Actor
intrepipe.biz,Associated w/ Malware Actor
intterr.net,Associated w/ Malware Actor
investigateinterpol.net,Malware
iowahomelandsecurity.com,Fraud
ipcia.com,Fraud
ipsbol.com,Associated w/ Malware Actor
ireport2016.com,Associated w/ Malware Actor
irjset.com,Associated w/ Malware Actor
irnpnuts.com,Associated w/ Malware Actor
irongym-eurrope.com,Associated w/ Malware Actor
ispakk.biz,Malware
iykeinnovations.org,Associated w/ Malware Actor
iykekenz.com,Malware
ja-gaban.pw,Malware
jaapacks.com,Malware
jackperitons-ambassador-us.com,Fraud
jadroagnt.com,Malware
jamessmithlaw-uk.com,Fraud
jana--ksa.com,Associated w/ Malware Actor
janatelarab.com,Associated w/ Malware Actor
jandisseafood.com,Associated w/ Malware Actor
japacks.net,Associated w/ Malware Actor
japharm.com,Associated w/ Malware Actor
jaytrac-uk.com,Associated w/ Malware Actor
jenvy.org.in,Malware
jetrobrot.com,Associated w/ Malware Actor
jh-drearn.com,Associated w/ Malware Actor
jiayinang.com,Associated w/ Malware Actor
jidwltd.com,Associated w/ Malware Actor
jiloada.com,Associated w/ Malware Actor
jimniqitoys.com,Associated w/ Malware Actor
jinygifa.com,Associated w/ Malware Actor
jioaxing.com,Associated w/ Malware Actor
jizymukushiku.net,Malware
jobonitalia.net,Associated w/ Malware Actor
joeworldlimited.us,Malware
jogolin.biz,Malware
johnsonlamniating.com,Associated w/ Malware Actor
jones2020-001-site1.etempurl.com,Malware
jordanonlinebank.com,Fraud
joshua.dormetools.com,Malware
jsadas.site,Malware
jtminternationalconsultantltd.com,Fraud
jukumuzilanshi.net,Malware
justmanpackagings.com,Associated w/ Malware Actor
juzymushimuchi.net,Malware
jyotovrseas.net,Associated w/ Malware Actor
kabospy.com,Malware
kabospy1.com,Malware
kabospyz.com,Malware
kachisk.com,Associated w/ Malware Actor
kaequipment.com,Fraud
kaequipments.com,Fraud
kalabexkxablo.com,Malware
kapsom.net,Associated w/ Malware Actor
kar-tes-tr.com,Associated w/ Malware Actor
karstorz.com,Associated w/ Malware Actor
kas-tr.com,Associated w/ Malware Actor
katt-china.com,Associated w/ Malware Actor
kaungmytkabar.com,Associated w/ Malware Actor
kautilyapl.com,Associated w/ Malware Actor
kavokergroup.com,Associated w/ Malware Actor
kayeensondaj.com,Associated w/ Malware Actor
kaynestechnoiogy.net,Malware
kceepresh.pw,Malware
keclsolvent.com,Associated w/ Malware Actor
keithhouselawyers.com,Fraud
keyalargo.com,Associated w/ Malware Actor
keytosucesskushi.net,Malware
khamisaentarprises.com,Associated w/ Malware Actor
kialgarie.com,Associated w/ Malware Actor
kids-qlory.com,Associated w/ Malware Actor
kih-com-hk.top,Associated w/ Malware Actor
kihsmalta.com,Malware
kimheng.info,Associated w/ Malware Actor
kimone.net,Malware
kingdomec.com,Fraud
kinisl.com,Associated w/ Malware Actor
kisitoton.com,Fraud
kizi2016wandansa.top,Malware
kizzitotel.net,Associated w/ Malware Actor
kjflkorea.com,Malware
kkfoodshk.com,Associated w/ Malware Actor
klickfree.com,Fraud
kmtrned.com,Associated w/ Malware Actor
kobelt.co,Associated w/ Malware Actor
kocekfarma.com,Associated w/ Malware Actor
koehrer-fliesch.com,Malware
koowiatire.com,Malware
korae.co,Associated w/ Malware Actor
koreelcommoditiesllc.com,Malware
kornets.net,Associated w/ Malware Actor
kotamekina.com,Associated w/ Malware Actor
kothariinfotech.biz,Associated w/ Malware Actor
kotheriinfotech.biz,Associated w/ Malware Actor
kovplelift.com,Associated w/ Malware Actor
krni.co,Associated w/ Malware Actor
kronospan-cy.com,Associated w/ Malware Actor
krossydonalds.biz,Malware
krudar-it.com,Associated w/ Malware Actor
krungonline.com,Malware
ktargr.com,Associated w/ Malware Actor
ktichenhighlights.com,Associated w/ Malware Actor
kud0s.today,Associated w/ Malware Actor
kurraltd.com,Associated w/ Malware Actor
kushmunahdhziz.net,Malware
kutnonwoven.com,Associated w/ Malware Actor
kutschen-ricker.com,Associated w/ Malware Actor
kuwiatpack.com,Malware
kvpvpet.com,Associated w/ Malware Actor
kweskesh.biz,Malware
kwfftea.com,Associated w/ Malware Actor
kynugchang.com,Associated w/ Malware Actor
kyunqjin.net,Associated w/ Malware Actor
l3-jordan.com,Malware
laborsuisse.com,Fraud
laburnamcuorts.com,Associated w/ Malware Actor
lachenrneier.com,Associated w/ Malware Actor
lafargeholcm.com,Associated w/ Malware Actor
laimastiltas.com,Associated w/ Malware Actor
lalizaz.com,Associated w/ Malware Actor
lalpethlabs.com,Associated w/ Malware Actor
lalsgruop.com,Associated w/ Malware Actor
lamomttrailers.com,Associated w/ Malware Actor
lamypowers.com,Associated w/ Malware Actor
landisqyr.com,Associated w/ Malware Actor
laneyazd.com,Associated w/ Malware Actor
lansson-imm.com,Associated w/ Malware Actor
laodcraft.com,Associated w/ Malware Actor
lapntashoes.com,Associated w/ Malware Actor
lapp.online,Associated w/ Malware Actor
larnxes.com,Associated w/ Malware Actor
larsantoubro.com,Associated w/ Malware Actor
latinssecurityng.com,Associated w/ Malware Actor
laura--beaumont.com,Associated w/ Malware Actor
lawofficeofdphilipq.com,Associated w/ Malware Actor
laxminternational.net,Fraud
lbtsbplc.com,Associated w/ Malware Actor
lcbcthai.com,Malware
lcgcindian.com,Associated w/ Malware Actor
ldrc-uganda.org,Associated w/ Malware Actor
leadlngsunnyfood.com,Malware
leatons.com,Associated w/ Malware Actor
leavedept.com,Associated w/ Malware Actor
lecheteau.com,Associated w/ Malware Actor
leepuffy.com,Malware
legacypension.com,Malware
lekstars.biz,Associated w/ Malware Actor
lennoxexpress.com,Fraud
leo-phama.com,Malware
letrecoindia.com,Associated w/ Malware Actor
leventerrealty.us,Associated w/ Malware Actor
lhamareport.asia,Malware
liaaon.com,Associated w/ Malware Actor
light-craft.biz,Associated w/ Malware Actor
lightplanetltd.com,Malware
liiaoan.com,Associated w/ Malware Actor
linglong.in,Associated w/ Malware Actor
linksintplc.in,Malware
linktommm.com,Malware
litoprivatehospital.com,Fraud
lixnuxzarxrez.net,Malware
liycoss.com,Malware
lloydsbonline.org,Fraud
lloydstransferdepartment.com,Fraud
lmiseamasters.com,Malware
lmmedlcaidivision.com,Associated w/ Malware Actor
lmovillipompe.com,Associated w/ Malware Actor
lnali.co,Associated w/ Malware Actor
localhosting.online,Malware
locusintl.com,Malware
loedlok.com,Associated w/ Malware Actor
logemail.vapr.cc,Malware
logga.xyz,Malware
loggalord.xyz,Malware
logs02.pw,Malware
longulflndia.com,Fraud
longvisionn.com,Associated w/ Malware Actor
loodlok.com,Associated w/ Malware Actor
lowbusinesfares.com,Malware
lpklnternational.com,Associated w/ Malware Actor
ltfoodsarnericas.com,Associated w/ Malware Actor
lube-portal.com,Associated w/ Malware Actor
lucianojesse.com,Malware
lucianoservices.com,Malware
lucianowebpeace.com,Malware
luckym1.com,Associated w/ Malware Actor
ludgatefundingplc.com,Associated w/ Malware Actor
lvdaimonds.net,Associated w/ Malware Actor
lykmourkushikash.net,Malware
m-wlnc.com,Malware
macelux.com,Associated w/ Malware Actor
macewber.com,Associated w/ Malware Actor
machanuglo.org,Associated w/ Malware Actor
machineryselascorp.com,Associated w/ Malware Actor
macrornet.com,Associated w/ Malware Actor
madaralerd.com,Malware
maddisonengr.com,Associated w/ Malware Actor
maennlein.biz,Associated w/ Malware Actor
magantyres.com,Associated w/ Malware Actor
magelord.com,Malware
magic-skid.com,Malware
magnatekenterprlses.com,Malware
magnesia.me,Associated w/ Malware Actor
magnetrol-be.com,Associated w/ Malware Actor
mahbansgroup.com,Associated w/ Malware Actor
mail-biotestsystems.com,Associated w/ Malware Actor
maincentralbnk.com,Fraud
majestyvalve.biz,Associated w/ Malware Actor
makamnoffshore.com,Associated w/ Malware Actor
malloracsir.com,Associated w/ Malware Actor
mammutgroups.com,Associated w/ Malware Actor
mandftra.com,Malware
manhattan-investment.net,Fraud
maran-afha.com,Associated w/ Malware Actor
marcrichcapital.com,Associated w/ Malware Actor
mardrned.com,Associated w/ Malware Actor
marinacommoditeis.com,Associated w/ Malware Actor
marineplalforms.com,Associated w/ Malware Actor
markbradleylawfirm.com,Associated w/ Malware Actor
marmosol.com,Associated w/ Malware Actor
marpalpharma.com,Associated w/ Malware Actor
marubein.com,Associated w/ Malware Actor
mashapharma.com,Associated w/ Malware Actor
massbizlib.com,Associated w/ Malware Actor
mathewstimber.us,Associated w/ Malware Actor
matirix.net,Associated w/ Malware Actor
mawad.us,Associated w/ Malware Actor
maxhonds.in,Malware
maxwallfoods.com,Associated w/ Malware Actor
maxxcloth.com,Associated w/ Malware Actor
maygroups.com,Associated w/ Malware Actor
mbmtc.com,Malware
mboluck.com,Associated w/ Malware Actor
mecartech-pk.com,Associated w/ Malware Actor
mecornar.com,Associated w/ Malware Actor
mecublisxlux.us,Malware
med-techology.net,Associated w/ Malware Actor
medalianxkusxz.net,Malware
medcalnet.com,Associated w/ Malware Actor
medcorelinetrading.com,Associated w/ Malware Actor
medgal.net,Associated w/ Malware Actor
medicng.com,Malware
medisonsteeltech.com,Malware
medshippinglogistic.com,Fraud
medweymarine.com,Associated w/ Malware Actor
megafishilizufk.net,Malware
megmanzini2sx.net,Malware
mehteindia.com,Associated w/ Malware Actor
mekkee.com,Associated w/ Malware Actor
melchiorrie.net,Associated w/ Malware Actor
melkoncrossy.com,Malware
mentorsystems.net,Associated w/ Malware Actor
menvaloclutickmovik.net,Malware
meppco.in,Associated w/ Malware Actor
mercatile.com,Associated w/ Malware Actor
merceninvestt.org,Associated w/ Malware Actor
merceninvesttr.org,Associated w/ Malware Actor
mercentile-online.com,Fraud
mercentileinvest.com,Associated w/ Malware Actor
mercjfood.com,Associated w/ Malware Actor
merlin-nl.com,Malware
message-globalsources.com,Associated w/ Malware Actor
mestexshpping.com,Associated w/ Malware Actor
mesucaint.com,Associated w/ Malware Actor
meta-biiomed.com,Associated w/ Malware Actor
metalco-co.net,Associated w/ Malware Actor
methaapi.com,Associated w/ Malware Actor
meximchemical.com,Associated w/ Malware Actor
meziefields.com,Associated w/ Malware Actor
mfconsuit.info,Malware
mgequipments.com,Fraud
mgknit.com,Associated w/ Malware Actor
mhchemicals.com,Associated w/ Malware Actor
microgards.net,Associated w/ Malware Actor
micromanna.net,Malware
midea.work,Associated w/ Malware Actor
midiantech.co,Malware
migratedserver.online,Malware
miiracell.com,Associated w/ Malware Actor
mikplan.com,Malware
military-services.us,Associated w/ Malware Actor
millenniurnsemi.com,Fraud
milservice.org,Associated w/ Malware Actor
mimpex-pk.com,Associated w/ Malware Actor
mina-ge.com,Malware
mindrnan-tw.com,Associated w/ Malware Actor
mirrka.com,Associated w/ Malware Actor
miswecoslb.com,Associated w/ Malware Actor
mitas-no.com,Associated w/ Malware Actor
mixeye.net,Associated w/ Malware Actor
mizulmizadee.asia,Malware
mjkotob.co,Associated w/ Malware Actor
mmakina.com,Malware
mmaoffshores.com,Associated w/ Malware Actor
mnp-de.biz,Associated w/ Malware Actor
mntgindia.com,Fraud
moebius--ruppert.com,Associated w/ Malware Actor
moidenmetals.com,Associated w/ Malware Actor
moiparks.in,Malware
molgroups.com,Associated w/ Malware Actor
momenturnlog.com,Associated w/ Malware Actor
mondialbusiness-br.com,Malware
moneyexremit.org,Associated w/ Malware Actor
moneygram-transferagent.com,Associated w/ Malware Actor
moneymakingmachines.in,Malware
monnoceramics.net,Associated w/ Malware Actor
monohil.com,Associated w/ Malware Actor
monoprixsuperrnarket.com,Associated w/ Malware Actor
monsurutiamiyu.com,Malware
montajespg.com,Associated w/ Malware Actor
montevistafarrning.com,Associated w/ Malware Actor
morandofruitta.com,Associated w/ Malware Actor
morganabattoir.com,Associated w/ Malware Actor
morgesequipments.com,Malware
morinixfly.net,Malware
morristrustfundlimited.com,Fraud
moryhdoom.com,Malware
mosaicc0.com,Associated w/ Malware Actor
mosukolink.in,Malware
motomotion.su,Malware
mouhajardesign.com,Associated w/ Malware Actor
mp-2015.com,Fraud
mp-paiints.com,Associated w/ Malware Actor
mplwll.com,Associated w/ Malware Actor
mpnet-tw.com,Associated w/ Malware Actor
mr1tires.com,Malware
mrloggagroups.xyz,Malware
ms24-hnet.com,Associated w/ Malware Actor
ms37-hlnet.net,Associated w/ Malware Actor
ms72-hinet.net,Associated w/ Malware Actor
ms8-hinets.net,Associated w/ Malware Actor
msa-himt.net,Associated w/ Malware Actor
msa-hint.net,Associated w/ Malware Actor
mst-sa.top,Associated w/ Malware Actor
muitinsa.com,Associated w/ Malware Actor
multigroupuea.com,Associated w/ Malware Actor
multlpleindustries.com,Associated w/ Malware Actor
mustups.top,Associated w/ Malware Actor
muzukashibrashinki.net,Malware
mxglasssware.com,Associated w/ Malware Actor
my126.co,Associated w/ Malware Actor
mybss.net,Associated w/ Malware Actor
mydogoodto.com,Malware
myjering.net,Associated w/ Malware Actor
mymytonnymaxltd.org,Malware
mysteriousdefy.com,Malware
mytonnymaxltd.co,Malware
mytonnymaxltd.com,Malware
mytonnymaxltd.info,Malware
mytonnymaxltd.net,Malware
mytonnymaxltdonline.org,Malware
mywabrancls.com,Associated w/ Malware Actor
n0-xit.com,Associated w/ Malware Actor
nablna.com,Associated w/ Malware Actor
nabth.com,Associated w/ Malware Actor
nadfood.co,Malware
nambng.org,Associated w/ Malware Actor
nambnigeria.net,Associated w/ Malware Actor
namesh.net,Associated w/ Malware Actor
nannidlesel.com,Associated w/ Malware Actor
nansen-br.com,Associated w/ Malware Actor
napepnigeria.net,Associated w/ Malware Actor
naran-ae.com,Malware
narico.co,Associated w/ Malware Actor
narqourmet.com,Associated w/ Malware Actor
nassscafform-bh.com,Associated w/ Malware Actor
natrninerals.com,Associated w/ Malware Actor
naturaisaltlamps.com,Associated w/ Malware Actor
naturalproductme.co,Associated w/ Malware Actor
natwest.co.in,Associated w/ Malware Actor
natwestonlineservice.com,Associated w/ Malware Actor
naval-base.com,Associated w/ Malware Actor
navur.net,Associated w/ Malware Actor
nb-vku.com,Associated w/ Malware Actor
nbaboygpa.biz,Malware
nbd-home.com,Fraud
nedpays.com,Associated w/ Malware Actor
nefc-ae.org,Associated w/ Malware Actor
nelrondavisxx.ddns.net,Malware
netactive-za.com,Associated w/ Malware Actor
netancrossy.com,Malware
netvigafor.com,Associated w/ Malware Actor
netvigetor.net,Associated w/ Malware Actor
netvigotor.com,Associated w/ Malware Actor
neuroneticcs.com,Associated w/ Malware Actor
nevpe.com,Associated w/ Malware Actor
newhorizonpharma.co,Malware
newsunshirnellc.com,Associated w/ Malware Actor
newwork.hostoi.com,Malware
newyearnewmoney.org,Associated w/ Malware Actor
newyearstellcompany.com,Malware
newysk.com,Fraud
newysks.com,Associated w/ Malware Actor
nexlaitaly.com,Associated w/ Malware Actor
nfgab.net,Associated w/ Malware Actor
nfgab.org,Associated w/ Malware Actor
nicolaselectric.tech,Associated w/ Malware Actor
nifftylabs.com,Associated w/ Malware Actor
nigerianpetroleumtrustfunds.com,Associated w/ Malware Actor
nigeriareports.org,Associated w/ Malware Actor
nihafund.org,Associated w/ Malware Actor
nihatuyar-tr.com,Associated w/ Malware Actor
nirurgroup.com,Associated w/ Malware Actor
njaver.com,Fraud
njccco.net,Associated w/ Malware Actor
nnpcgroupcomd.com,Malware
nodullingshinestar.info,Malware
noltame.com,Associated w/ Malware Actor
noraxcanacla.com,Associated w/ Malware Actor
noraxcanada.co,Associated w/ Malware Actor
norpre.com,Associated w/ Malware Actor
northe.mobi,Malware
nosa-maritime-dz.biz,Associated w/ Malware Actor
notalkingtime.com,Fraud
nova-ships.com,Associated w/ Malware Actor
novaiceramics.com,Associated w/ Malware Actor
novodot.com,Malware
nq-tokyo.com,Associated w/ Malware Actor
nsdc.com.ng,Associated w/ Malware Actor
ntumakafillingxrux.net,Malware
ntwonlinegroups.com,Associated w/ Malware Actor
nuclenix.com,Malware
nuematics.com,Associated w/ Malware Actor
nye-cement.com,Associated w/ Malware Actor
nyseinternational.in,Associated w/ Malware Actor
oasyspg.com,Associated w/ Malware Actor
obii121.com,Associated w/ Malware Actor
obtechgl.com,Fraud
ochsmann-chemie.biz,Malware
octapharna.com,Associated w/ Malware Actor
odrillncm.com,Malware
oecgruop.com,Associated w/ Malware Actor
oegusa.net,Associated w/ Malware Actor
ofice1qatar.com,Malware
ogletreedeakins-law.com,Fraud
oig-sa.co,Associated w/ Malware Actor
oitcqroup.com,Associated w/ Malware Actor
ojolocalhoster.biz,Associated w/ Malware Actor
okbioteck.com,Associated w/ Malware Actor
okoh.dormetools.com,Malware
okoronkwomike.com,Malware
oldworldnd.com,Associated w/ Malware Actor
olivetitfood.com,Associated w/ Malware Actor
olivradesegura.com,Associated w/ Malware Actor
omantiading.com,Associated w/ Malware Actor
omantradng.com,Associated w/ Malware Actor
omascientiflc.com,Associated w/ Malware Actor
omatradinq.com,Associated w/ Malware Actor
omegaprrsothetic.com,Associated w/ Malware Actor
omencloth.com,Associated w/ Malware Actor
omeudo.ueuo.com,Malware
omfnimart.com,Associated w/ Malware Actor
omnamahshvaygroup.com,Associated w/ Malware Actor
omoregiermotorsng.com,Malware
ompharmacautical.com,Associated w/ Malware Actor
omss-nyc.com,Fraud
ondhgo.com,Associated w/ Malware Actor
onemorenights.biz,Associated w/ Malware Actor
oneworldfolis.net,Associated w/ Malware Actor
onlinesbins.in,Malware
onpointuse.com,Associated w/ Malware Actor
onyiomacygroup.biz,Malware
orabantkg.net,Associated w/ Malware Actor
orf-flex.com,Associated w/ Malware Actor
orientexpresrugs.com,Associated w/ Malware Actor
orwaykeys.com.ng,Malware
osakapharmaceuticals.com,Associated w/ Malware Actor
osgof.com,Associated w/ Malware Actor
ossepi.com,Associated w/ Malware Actor
otlrwheel.com,Associated w/ Malware Actor
otterndia.com,Associated w/ Malware Actor
ovtetxil.com,Associated w/ Malware Actor
owonikoko.su,Malware
oxbridgapharma.com,Malware
ozowarac.com,Malware
ozowarac.ru,Malware
pacficseed.com,Associated w/ Malware Actor
pactectld.com,Associated w/ Malware Actor
paecetarget.com,Associated w/ Malware Actor
pahsco-tw.com,Associated w/ Malware Actor
paiddoom.com,Malware
paisgroups.com,Associated w/ Malware Actor
pakdlairy.com,Associated w/ Malware Actor
pamcomlimited.com,Associated w/ Malware Actor
panadafarms.com,Associated w/ Malware Actor
panda-logistics.org,Associated w/ Malware Actor
pannoceanic.com,Malware
papabryan.in,Malware
paqroindia.com,Associated w/ Malware Actor
paralloys.com,Associated w/ Malware Actor
parapentelitoral.com,Associated w/ Malware Actor
parescrown.com,Associated w/ Malware Actor
parlkex.com,Associated w/ Malware Actor
parnsin.com,Associated w/ Malware Actor
parrpeee.com,Associated w/ Malware Actor
parsienpub.com,Associated w/ Malware Actor
passtech-overmach.com,Associated w/ Malware Actor
patchi-industrials.com,Associated w/ Malware Actor
path-vn.com,Associated w/ Malware Actor
patonidigi.com,Associated w/ Malware Actor
patrickattorney.com,Malware
patrocheme.com,Associated w/ Malware Actor
pattq.com,Associated w/ Malware Actor
pavmetal.com,Associated w/ Malware Actor
paypal-update344.com,Fraud
pb-fashions.com,Associated w/ Malware Actor
pbcous.com,Fraud
pclworid.net,Associated w/ Malware Actor
pclworld.com,Associated w/ Malware Actor
pdjarng.com,Associated w/ Malware Actor
peakmarineshipping.com,Fraud
pearlfooding.com,Fraud
pedetiyacht.com,Associated w/ Malware Actor
peeasaba-001-site1.anytempurl.com,Malware
peferctexpo.com,Fraud
pegemould.com,Associated w/ Malware Actor
penavlcogz.com,Associated w/ Malware Actor
pepaganga.net,Associated w/ Malware Actor
pepperest1.co.uk,Malware
peppersain.com,Associated w/ Malware Actor
perfect--textiles.com,Associated w/ Malware Actor
perfectspinniing.com,Associated w/ Malware Actor
perreigo.com,Associated w/ Malware Actor
pestor-kosova.com,Associated w/ Malware Actor
peterpaul.biz,Associated w/ Malware Actor
petersandmey.com,Associated w/ Malware Actor
petramare.in,Associated w/ Malware Actor
petronas-malaysia.com,Fraud
petroutsois.com,Associated w/ Malware Actor
petservs.net,Associated w/ Malware Actor
pharmalifersearch.com,Associated w/ Malware Actor
philipstewartfinanceltd.com,Fraud
phuclio-vn.net,Fraud
pikinvalx.net,Malware
pioneermotor-th.com,Associated w/ Malware Actor
piraeusmarineservices.com,Associated w/ Malware Actor
piramal.pw,Malware
piuslight.com,Associated w/ Malware Actor
pkc-lr.com,Associated w/ Malware Actor
pnc-bnk.com,Associated w/ Malware Actor
pocso.net,Associated w/ Malware Actor
polintre.com,Associated w/ Malware Actor
pollycell-korea.com,Associated w/ Malware Actor
polyarts-cn.com,Associated w/ Malware Actor
pooyepolymertehran.com,Associated w/ Malware Actor
portabs.com,Associated w/ Malware Actor
poshkiddiesandvarietystores.com,Associated w/ Malware Actor
poslaju.biz,Fraud
powerrot.com,Associated w/ Malware Actor
powersonnix.com,Associated w/ Malware Actor
pparss.com,Associated w/ Malware Actor
pramgroup.com,Associated w/ Malware Actor
prassanthi.com,Associated w/ Malware Actor
prateporganics.com,Associated w/ Malware Actor
precisediagnostic-ug.com,Associated w/ Malware Actor
premeiervalves.com,Associated w/ Malware Actor
premiummigrated.online,Malware
prestige96.com,Associated w/ Malware Actor
pretechs-e.com,Associated w/ Malware Actor
primexpo-ru.net,Associated w/ Malware Actor
princejo.5gbfree.com,Malware
princewill.biz,Malware
prioirtycare.com,Associated w/ Malware Actor
prirneaircraft.com,Associated w/ Malware Actor
pro-rnoda.com,Associated w/ Malware Actor
proacapitaal.com,Associated w/ Malware Actor
proamgroup.com,Associated w/ Malware Actor
proamgrouprealtors.com,Associated w/ Malware Actor
proamgroups.com,Associated w/ Malware Actor
prodenaenergyltd.com,Associated w/ Malware Actor
prohems.com,Associated w/ Malware Actor
protorpic.com,Associated w/ Malware Actor
protrer.com,Associated w/ Malware Actor
proximns-bg.com,Malware
pssimaritime.com,Associated w/ Malware Actor
psstvreez.com,Malware
pt-app.biz,Associated w/ Malware Actor
pttbnet.com,Associated w/ Malware Actor
puertovbahia.com,Malware
puhler.biz,Associated w/ Malware Actor
pulher.biz,Associated w/ Malware Actor
punchmay.in,Malware
punjiloyd.com,Associated w/ Malware Actor
purenaturesfood.com,Associated w/ Malware Actor
puresteeldesign.com,Malware
puresteeldesigns.com,Malware
pv1961.net,Associated w/ Malware Actor
pvc-peck.com,Associated w/ Malware Actor
pwship.com,Associated w/ Malware Actor
pyc0r.com,Malware
pyramidsng.com,Fraud
q-railinq.com,Associated w/ Malware Actor
qainhu.net,Malware
qaskiki.com,Malware
qbqarden.com,Associated w/ Malware Actor
qetclm.com,Associated w/ Malware Actor
qger.biz,Associated w/ Malware Actor
qoccdoha.com,Associated w/ Malware Actor
qoucvertseafood.com,Associated w/ Malware Actor
qoucvetseafood.com,Associated w/ Malware Actor
qsqcorp.com,Associated w/ Malware Actor
qt-handle.com,Malware
qu-be.in,Malware
qualitelkph.com,Malware
quasar-electron.com,Associated w/ Malware Actor
queenshippartners.com,Malware
quentumsg.com,Associated w/ Malware Actor
qulfcarton.net,Associated w/ Malware Actor
quyfar.com,Associated w/ Malware Actor
ra-rockwel.com,Associated w/ Malware Actor
rachidligroup.com,Associated w/ Malware Actor
rainbowlighlthk.com,Associated w/ Malware Actor
rajahhackworld.biz,Malware
rajahhackworld.in,Malware
rajdaimonds.biz,Associated w/ Malware Actor
rakthern.com,Associated w/ Malware Actor
ramdavchem.com,Associated w/ Malware Actor
ranashiping.com,Associated w/ Malware Actor
ranksan.com,Malware
rantukmeridian.com,Malware
raphapharm.org,Associated w/ Malware Actor
raseafood.com,Associated w/ Malware Actor
rav0nintl.com,Associated w/ Malware Actor
raviimiport.com,Malware
raviimport.com,Associated w/ Malware Actor
ravsistmei.com,Associated w/ Malware Actor
rayppa.com,Associated w/ Malware Actor
razishimi.com,Malware
rbssavings.com,Associated w/ Malware Actor
rdriimpex.org,Associated w/ Malware Actor
realfoodsinc.net,Associated w/ Malware Actor
realsolupls.com,Associated w/ Malware Actor
redpurpleheart.com,Malware
redsealsuppliers.net,Associated w/ Malware Actor
reefiren.com,Associated w/ Malware Actor
reiinvestmentibv.com,Fraud
religionissue.com.ng,Malware
remchemicals.net,Associated w/ Malware Actor
remittance-department.com,Fraud
renfossmy.com,Associated w/ Malware Actor
res-gmdh.com,Associated w/ Malware Actor
reserve-wadergroup.biz,Malware
reviseclotning.com,Associated w/ Malware Actor
rexccon.com,Associated w/ Malware Actor
rgruop.com,Associated w/ Malware Actor
rhbmays.com,Associated w/ Malware Actor
rhksa.com,Fraud
rhurnveld.com,Associated w/ Malware Actor
ricamoortiles.biz,Malware
richwiz.net,Associated w/ Malware Actor
richy.x10.bz,Malware
richygroupltd.com,Associated w/ Malware Actor
richygrouptrading.com,Associated w/ Malware Actor
richytradeltd.com,Associated w/ Malware Actor
richytradingltd.com,Associated w/ Malware Actor
rightleder.biz,Associated w/ Malware Actor
rimal-qlobal.com,Associated w/ Malware Actor
riserman.net,Associated w/ Malware Actor
ristiech.com,Associated w/ Malware Actor
ritragroup.com,Associated w/ Malware Actor
riversrenting.com,Malware
riydhceramics.com,Associated w/ Malware Actor
rls--jv.com,Associated w/ Malware Actor
rmtwfs.com,Associated w/ Malware Actor
rnailmac.net,Malware
rnaxgroup-bd.com,Associated w/ Malware Actor
rnazandarya.com,Malware
rndibao.com,Associated w/ Malware Actor
rndps.com,Associated w/ Malware Actor
rnedapharma.com,Associated w/ Malware Actor
rneizu.com,Associated w/ Malware Actor
rnff-tz.com,Fraud
rniancorp.com,Associated w/ Malware Actor
rningyuemachinery.com,Associated w/ Malware Actor
rnitgr.com,Associated w/ Malware Actor
rnlabarotories.com,Associated w/ Malware Actor
rnoseco.com,Associated w/ Malware Actor
rnxns.com,Associated w/ Malware Actor
roadpart.net,Malware
robertalfordfinancialhome.com,Fraud
roha-cy.com,Associated w/ Malware Actor
roiblanco.net,Associated w/ Malware Actor
rongyih.org,Associated w/ Malware Actor
rootblockmaniz.asia,Malware
rowleybankhouseltd.com,Fraud
royal-cosmatic.com,Associated w/ Malware Actor
royalchamicals.com,Associated w/ Malware Actor
royalexpress.co.uk,Associated w/ Malware Actor
royalgoldentradling.com,Malware
royalgrass.co,Associated w/ Malware Actor
royalhalli.com,Malware
royallinkshipping.com,Associated w/ Malware Actor
royals-bank.com,Associated w/ Malware Actor
royaltrustbank.com,Fraud
rpacaimonds.com,Malware
rpacalmonds.pw,Malware
rpbasrnati.com,Malware
rroyal-bank.com,Malware
rrtt66788.com,Associated w/ Malware Actor
rubandurnaghreb.com,Associated w/ Malware Actor
ruggededge.co.in,Malware
ruhatlyagroup.com,Malware
rulbyseas.com,Associated w/ Malware Actor
runwayarospace.com,Malware
ruralchemicals.com,Associated w/ Malware Actor
s2cefood.com,Fraud
s2db43245.com,Malware
s2db432453e.com,Malware
s2db43245ss.com,Malware
s2db43245tt.com,Associated w/ Malware Actor
s2dbintest.com,Associated w/ Malware Actor
s2dbsilimin.com,Associated w/ Malware Actor
s2dbsiliming.com,Associated w/ Malware Actor
sabiec.com,Malware
sacc-ng.com,Malware
safood-br.com,Associated w/ Malware Actor
salesxpert.org,Malware
sallybeautys.com,Associated w/ Malware Actor
salmancorporations.com,Associated w/ Malware Actor
salmehco.com,Associated w/ Malware Actor
salon-ng.com,Associated w/ Malware Actor
sammyasaba-001-site1.btempurl.com,Malware
sammyenug-001-site1.gtempurl.com,Malware
sammyglory.com,Associated w/ Malware Actor
sampletoolz.ru,Associated w/ Malware Actor
samrsung.com,Malware
samswells.com,Associated w/ Malware Actor
san-jbs-br.com,Associated w/ Malware Actor
sanahchemical.com,Associated w/ Malware Actor
sandopharm.com,Associated w/ Malware Actor
sanehchemicals.com,Associated w/ Malware Actor
sangiorgosrl.com,Associated w/ Malware Actor
sanof1.com,Associated w/ Malware Actor
sanoif.com,Associated w/ Malware Actor
santa-priscilia.com,Associated w/ Malware Actor
santealena.biz,Associated w/ Malware Actor
sanycaramics.com,Associated w/ Malware Actor
saonlinedb.com,Associated w/ Malware Actor
sapphiragriculture.com,Associated w/ Malware Actor
sarisaranakimai.com,Associated w/ Malware Actor
sarngo.com,Associated w/ Malware Actor
sastix.biz,Malware
sattco-ir.com,Associated w/ Malware Actor
saudiiags.com,Associated w/ Malware Actor
saunfarma.com,Associated w/ Malware Actor
savinofoirenzo.com,Associated w/ Malware Actor
saviolilielio.com,Associated w/ Malware Actor
sayno2gaymarriage.biz,Malware
sazcilar-tr.com,Associated w/ Malware Actor
sbcglobals.net,Associated w/ Malware Actor
sbfcarrdsolution.com,Associated w/ Malware Actor
sbtvee.com,Associated w/ Malware Actor
sbtvee.net,Associated w/ Malware Actor
scalar101.bplaced.net,Malware
scandic-food-dk.net,Associated w/ Malware Actor
scandic-food-dk.one,Associated w/ Malware Actor
scandivec.com,Associated w/ Malware Actor
scarce.website,Malware
scbglobals.net,Associated w/ Malware Actor
schepers-digilas.biz,Associated w/ Malware Actor
schott.xyz,Associated w/ Malware Actor
schubrath.com,Associated w/ Malware Actor
scotanker.com,Fraud
sdlg-ly.net,Associated w/ Malware Actor
sdznllh.com,Associated w/ Malware Actor
se1bbp.com,Associated w/ Malware Actor
seabroseafood.com,Associated w/ Malware Actor
seadogmarineltd.com,Associated w/ Malware Actor
seatransegency.com,Malware
sebastiansanni.com,Associated w/ Malware Actor
secgroupco.net,Malware
securitygooogle.net,Malware
securitys.accountant,Associated w/ Malware Actor
securityscheck.com,Malware
sedna-lighting.com,Associated w/ Malware Actor
seeplus-com-hk.com,Associated w/ Malware Actor
sefates.com,Associated w/ Malware Actor
selectaspa.biz,Associated w/ Malware Actor
seltmg.biz,Associated w/ Malware Actor
seltrng.com,Associated w/ Malware Actor
sembodia.com,Associated w/ Malware Actor
semplasitik.com,Associated w/ Malware Actor
senco-indonesia.com,Associated w/ Malware Actor
senituotek.com,Associated w/ Malware Actor
senofi.com,Associated w/ Malware Actor
sepwellsglobal.com,Associated w/ Malware Actor
serqrafic.com,Associated w/ Malware Actor
serromahshlpping.com,Associated w/ Malware Actor
servernet.xyz,Malware
service-groups.com,Fraud
serviceonlin.com,Associated w/ Malware Actor
sesnelber.com,Associated w/ Malware Actor
setec-au.com,Associated w/ Malware Actor
sg-intbearing.org,Associated w/ Malware Actor
sg-panasoniic.com,Associated w/ Malware Actor
sgblgen.com,Associated w/ Malware Actor
sgwglobai.com,Associated w/ Malware Actor
shadny.net,Fraud
shadowchiina.net,Malware
shahrekordscement.com,Associated w/ Malware Actor
shangsongfert.com,Associated w/ Malware Actor
shanticham.com,Associated w/ Malware Actor
shantuil.com,Associated w/ Malware Actor
sharadanltd.com,Malware
sharm-el-sheikhs-airport.com,Associated w/ Malware Actor
shawayahuose.com,Malware
shengtaigroups.com,Associated w/ Malware Actor
shiptoolsenineer-barrett.biz,Associated w/ Malware Actor
shitelchem.com,Fraud
shldeexport.com,Associated w/ Malware Actor
shnihan.com,Associated w/ Malware Actor
shopmanna.com,Associated w/ Malware Actor
shouldihackyou.xyz,Malware
shreevljayiaxm.com,Associated w/ Malware Actor
shscorv.com,Associated w/ Malware Actor
shuaacapitalpsca.com,Fraud
shuaacapitalpsce.com,Fraud
shueyshing.com,Associated w/ Malware Actor
siamcb.com,Fraud
siamtradeltd.com,Associated w/ Malware Actor
sideralloy.com,Malware
siemplkamp.com,Associated w/ Malware Actor
signaturehealthcarltd.com,Malware
sillcon-power.com,Associated w/ Malware Actor
silvertextille.com,Associated w/ Malware Actor
simacaa.com,Associated w/ Malware Actor
simem.co,Associated w/ Malware Actor
simlbaelectronicsllc.com,Associated w/ Malware Actor
simosynerqy.com,Associated w/ Malware Actor
simwpc.com,Associated w/ Malware Actor
sina.one,Associated w/ Malware Actor
sinclair.mobi,Fraud
sinersyno.com,Malware
singnet-sg.co,Associated w/ Malware Actor
sino-truk.com,Associated w/ Malware Actor
sinodrlils.com,Associated w/ Malware Actor
sinogurads.com,Associated w/ Malware Actor
sinoharbary.com,Associated w/ Malware Actor
sinosbrightpharma.com,Malware
sinosea-ae.com,Associated w/ Malware Actor
sinqhvi.com,Associated w/ Malware Actor
sioen-be.com,Associated w/ Malware Actor
sir--ltd.com,Associated w/ Malware Actor
sirius-rne.com,Associated w/ Malware Actor
sirnco.com,Associated w/ Malware Actor
sisacem.com,Associated w/ Malware Actor
sjjpmt.com,Associated w/ Malware Actor
sjprnt.com,Associated w/ Malware Actor
sjziqqie.com,Associated w/ Malware Actor
skid.com,Malware
skilosnk.com,Associated w/ Malware Actor
skimm.info,Fraud
skt-comsats-pk.net,Associated w/ Malware Actor
skvvp.de,Associated w/ Malware Actor
skyebank.org,Fraud
skylineluxuryhomes.com,Associated w/ Malware Actor
slashserver.xyz,Malware
slb-com.com,Malware
slimcauto.com,Associated w/ Malware Actor
slimcrossydonalds.com,Malware
slossgroup.trade,Fraud
sltnet-lk.co,Associated w/ Malware Actor
sltnet.us,Associated w/ Malware Actor
smartmediainternational.org,Malware
smartmediaintl.info,Malware
smartqologo.com,Associated w/ Malware Actor
smarttradez.com,Fraud
smi123421.com,Associated w/ Malware Actor
smiilingmii.com,Malware
smilexlabs.com,Fraud
smilins2dbmi.com,Associated w/ Malware Actor
smillin101s2db.com,Malware
smillin101s2dbhere.com,Malware
smillin101s2millin.com,Malware
smillin2dse4.com,Associated w/ Malware Actor
smillindomain.com,Associated w/ Malware Actor
smillings2db.com,Associated w/ Malware Actor
smillings2db101.com,Associated w/ Malware Actor
smillins2dd2.com,Malware
smilliuse.com,Associated w/ Malware Actor
smithsonlawfirm.com,Associated w/ Malware Actor
smithsteellimited.com,Malware
smplatforms.com,Fraud
smurfitkappe.com,Associated w/ Malware Actor
sn00k1321nc.com,Malware
snaiclero.in,Associated w/ Malware Actor
snkgroup.biz,Associated w/ Malware Actor
snksklz.biz,Fraud
snnowkey.com,Associated w/ Malware Actor
snookcomm.com,Malware
snowtexx.org,Associated w/ Malware Actor
soarch.org,Malware
soilmec-it.com,Associated w/ Malware Actor
solidchanel.com,Associated w/ Malware Actor
solidwroks-hq.com,Associated w/ Malware Actor
soltaylorinvestments.com,Associated w/ Malware Actor
sonarautoparts.com,Associated w/ Malware Actor
sonvietmachines-vn.com,Associated w/ Malware Actor
soonsoongruop.com,Malware
soosan-kr.co,Malware
sorfas.com,Associated w/ Malware Actor
southmoney.xyz,Associated w/ Malware Actor
sp-mee.com,Malware
speedcodeage.com,Fraud
speedcourier-fasterservice.com,Fraud
speedcourier-fastservice.com,Fraud
speedcourrier-fastservice.com,Fraud
speedwaydeliveryserviceinc.com,Associated w/ Malware Actor
speedy-ar.com,Associated w/ Malware Actor
spencergroup.xyz,Malware
sperrafish.com,Associated w/ Malware Actor
spiclersit.com,Associated w/ Malware Actor
spiritfilledintl.org,Associated w/ Malware Actor
sportcj-fit.com,Malware
spotlihgt.com,Associated w/ Malware Actor
spsmedlcal.com,Associated w/ Malware Actor
sqauregroup.com,Associated w/ Malware Actor
ssawsr.net,Associated w/ Malware Actor
sschartered.com,Fraud
ssgdomain.com,Associated w/ Malware Actor
ssgdomains.com,Associated w/ Malware Actor
ssglogsco.in,Malware
ssgroupco.net,Malware
ssgtrades.com,Malware
ssteeluae.biz,Associated w/ Malware Actor
sstoolz.com,Malware
stalllionlabs.com,Malware
standadchatered.com,Associated w/ Malware Actor
standardbnkforex-za.com,Fraud
standardcharteredb.com,Associated w/ Malware Actor
standardchartereed.com,Fraud
standardonlinechartred.com,Associated w/ Malware Actor
stanley.bplaced.net,Malware
stanley1-001-site1.atempurl.com,Malware
stanleyaloziee-001-site1.ctempurl.com,Malware
stanman-001-site1.btempurl.com,Malware
star-river-tw.com,Associated w/ Malware Actor
starbussqroup.com,Associated w/ Malware Actor
starmetropols.com,Associated w/ Malware Actor
starsanitarywares.com,Associated w/ Malware Actor
starsmillin.com,Malware
starvallayeg.com,Associated w/ Malware Actor
starviews.net,Associated w/ Malware Actor
starwelarabia.com,Associated w/ Malware Actor
starwooclhotels.com,Associated w/ Malware Actor
state-co.org,Associated w/ Malware Actor
stater-point.com,Associated w/ Malware Actor
stavolynimp.com,Malware
stefan-au.com,Associated w/ Malware Actor
steroceanuae.com,Associated w/ Malware Actor
stfranklinpukama.net,Associated w/ Malware Actor
stfusa.org,Associated w/ Malware Actor
sticao.com,Associated w/ Malware Actor
stickonsigns-au.com,Associated w/ Malware Actor
still-group.com,Associated w/ Malware Actor
stmarysrubers.com,Associated w/ Malware Actor
stnegineers.com,Associated w/ Malware Actor
stritaschools.com,Malware
stsiholdings.com,Associated w/ Malware Actor
studentaffairz.com,Associated w/ Malware Actor
studio52creations.com,Malware
stylenconfort.com,Associated w/ Malware Actor
suanufarma.com,Associated w/ Malware Actor
submanc.top,Associated w/ Malware Actor
sucden.co,Associated w/ Malware Actor
suceedsteelpipe.com,Associated w/ Malware Actor
sudirna.com,Associated w/ Malware Actor
sumliingroup.com,Associated w/ Malware Actor
sumnec.com,Malware
sundayhips.info,Malware
sunhillsgroupplc.com,Fraud
sunjce.com,Associated w/ Malware Actor
sunmel.com,Malware
sunonn-chna.com,Associated w/ Malware Actor
sunshiba.com,Associated w/ Malware Actor
suntopgruop.com,Associated w/ Malware Actor
sunvillmurshikan.net,Malware
sunyanqfood.com,Associated w/ Malware Actor
superior-timbers.com,Associated w/ Malware Actor
supham-tr.com,Fraud
suprlit.com,Associated w/ Malware Actor
survextw.com,Associated w/ Malware Actor
svkllaboratories.com,Malware
swarovskil.com,Associated w/ Malware Actor
swellbottom.net,Malware
swgde.com,Associated w/ Malware Actor
swiftsolution-aero.com,Associated w/ Malware Actor
swraco.com,Associated w/ Malware Actor
syedjuniadalam.com,Associated w/ Malware Actor
syh-whiteboard-tw.com,Associated w/ Malware Actor
synrergyseafood.com,Associated w/ Malware Actor
synthko.com,Associated w/ Malware Actor
systampack-es.com,Associated w/ Malware Actor
systemrian.com,Associated w/ Malware Actor
systemsaparation.com,Associated w/ Malware Actor
szmachinary.com,Associated w/ Malware Actor
szvp.info,Associated w/ Malware Actor
t1nkem.com,Malware
tachdow.com,Associated w/ Malware Actor
tahren-bouran.com,Associated w/ Malware Actor
taisamg.com,Associated w/ Malware Actor
taiwonet.com,Associated w/ Malware Actor
takcerem.com,Associated w/ Malware Actor
takoriahyd.com,Associated w/ Malware Actor
talkomse.net,Associated w/ Malware Actor
taphendles.com,Associated w/ Malware Actor
tarzetto-group.com,Associated w/ Malware Actor
tatam0t0rs.com,Associated w/ Malware Actor
tatapros.com,Associated w/ Malware Actor
tatwerca.com,Associated w/ Malware Actor
tavencompanyltd.com,Associated w/ Malware Actor
tcc-choakaoh.com,Associated w/ Malware Actor
tcpony.com,Associated w/ Malware Actor
teaneckinvestments.com,Fraud
techkng.com,Associated w/ Malware Actor
techmatrixs.com,Malware
technoplastlic.com,Malware
technopliastic.com,Malware
teciam.com,Associated w/ Malware Actor
tecmopeck.com,Associated w/ Malware Actor
tecnicaquirnica.com,Associated w/ Malware Actor
tecorra.com,Associated w/ Malware Actor
tedlmex.de,Associated w/ Malware Actor
teedata-eg.net,Associated w/ Malware Actor
teekary.com,Associated w/ Malware Actor
teestavalley.biz,Associated w/ Malware Actor
tefl-lnt.com,Associated w/ Malware Actor
teiene.com,Malware
tejaratmanaipas.com,Associated w/ Malware Actor
templeyorkfinanceservices.com,Fraud
temsemakina.com,Associated w/ Malware Actor
tendercommittee.org,Associated w/ Malware Actor
tennesseecontractprocurementboard-usa.com,Fraud
tentechs.us,Associated w/ Malware Actor
tenteqlobal.com,Associated w/ Malware Actor
terraelectroincs.com,Associated w/ Malware Actor
terrapack-gr.com,Associated w/ Malware Actor
terrapak.net,Associated w/ Malware Actor
tertrapak.com,Associated w/ Malware Actor
testedtrustfinancialloancompany.com,Associated w/ Malware Actor
testtube002.com,Malware
tetragulf-team.com,Associated w/ Malware Actor
tetragulfnigeria.com,Associated w/ Malware Actor
textilvpago.com,Associated w/ Malware Actor
tezcan.asia,Associated w/ Malware Actor
thai-bonnanza.com,Associated w/ Malware Actor
thb-brremen.com,Fraud
the-raoster.com,Associated w/ Malware Actor
theinternationallawfirmltd.com,Fraud
thejohnutakafoundation.org,Associated w/ Malware Actor
themervynacademy.com,Associated w/ Malware Actor
themytonnymaxltd.net,Associated w/ Malware Actor
themytonnymaxltd.org,Malware
thepopupco.co,Associated w/ Malware Actor
thereisdency.com,Associated w/ Malware Actor
thermeofisher.com,Associated w/ Malware Actor
thermofishes.com,Associated w/ Malware Actor
thermofsiher.com,Associated w/ Malware Actor
thermotisher.com,Associated w/ Malware Actor
thomasarmstrongs.com,Fraud
threewaysteel.net,Associated w/ Malware Actor
thridwayafrica.com,Associated w/ Malware Actor
tianimao.biz,Associated w/ Malware Actor
tianynauxinda.com,Associated w/ Malware Actor
tiirubala.com,Associated w/ Malware Actor
timecraetions.com,Malware
timosets.com,Associated w/ Malware Actor
tinaorgonic.com,Associated w/ Malware Actor
tinkem.co,Associated w/ Malware Actor
tinoxglobaltrading.com,Associated w/ Malware Actor
tiongjie.com,Associated w/ Malware Actor
tiqercement.com,Associated w/ Malware Actor
tiqrisassociates.com,Associated w/ Malware Actor
tissrer.com,Associated w/ Malware Actor
titanuimgse.com,Associated w/ Malware Actor
tjlaxtd.com,Associated w/ Malware Actor
tlhaiunion.com,Associated w/ Malware Actor
tm-ng.com,Malware
tmanofflcial.com,Associated w/ Malware Actor
tollgruop.com,Associated w/ Malware Actor
tomson-motor.com,Associated w/ Malware Actor
tonnymasgroupltd.com,Associated w/ Malware Actor
tonnymaxmottos.biz,Malware
tony-craqq.com,Associated w/ Malware Actor
topa1l.biz,Associated w/ Malware Actor
topbull.biz,Associated w/ Malware Actor
topglove.co,Associated w/ Malware Actor
topstarnk.com,Associated w/ Malware Actor
topstarsecurityglobal.com,Fraud
topstarssecurityglobal.com,Fraud
tormacspumps.com,Associated w/ Malware Actor
tosskashotels.biz,Malware
totalfinanceglobal.com,Associated w/ Malware Actor
toternpak.com,Associated w/ Malware Actor
toyotex-cn.com,Associated w/ Malware Actor
tp-1ink.com,Associated w/ Malware Actor
tp-lnk.com,Associated w/ Malware Actor
tqi-gruop.com,Associated w/ Malware Actor
tr-bocsh.com,Associated w/ Malware Actor
tradecorpuae.com,Malware
tradelinkz.biz,Malware
tradeoneincc.com,Malware
tradewiresy.com,Associated w/ Malware Actor
transupqrade.com,Associated w/ Malware Actor
trarnsw.com,Associated w/ Malware Actor
trernixuae.com,Associated w/ Malware Actor
triiton-intl.com,Associated w/ Malware Actor
trilfo-ess.com,Associated w/ Malware Actor
trinimaxzimuxus.net,Malware
triton-lntl.com,Associated w/ Malware Actor
trnityholdings.com,Associated w/ Malware Actor
trojaniimited.com,Associated w/ Malware Actor
trolltyres.biz,Associated w/ Malware Actor
tronlcsegypt.com,Associated w/ Malware Actor
troungthanh.com,Associated w/ Malware Actor
trulexlogs.com,Malware
tsa-bwi.com,Fraud
tsagiannidis.xyz,Associated w/ Malware Actor
tss--cn.com,Associated w/ Malware Actor
tumbosco.com,Malware
tunasunsaraya.com,Associated w/ Malware Actor
turklandbk.com,Associated w/ Malware Actor
tuthll.com,Associated w/ Malware Actor
tv-products.biz,Malware
tweezarman.com,Associated w/ Malware Actor
twinkexpressservices.com,Associated w/ Malware Actor
twpart.com,Associated w/ Malware Actor
tyasoon.com,Associated w/ Malware Actor
tycaint.com,Associated w/ Malware Actor
u-money.pw,Malware
uaamcco.com,Associated w/ Malware Actor
ubagroupplc.info,Associated w/ Malware Actor
ubesk.com,Malware
udpharmaproduct.com,Associated w/ Malware Actor
ugocjshoe.com,Malware
uk-bellequipment.com,Malware
uk-tr.com,Associated w/ Malware Actor
ukmetropolitanpolice.org,Associated w/ Malware Actor
ukvi-immigration.org,Malware
umichemlabs.com,Associated w/ Malware Actor
un-secretarygeneral.org,Associated w/ Malware Actor
unabs.com,Fraud
unatb.com,Associated w/ Malware Actor
unfraudunit.com,Fraud
uni-riglht.com,Associated w/ Malware Actor
uni-soveregn.com,Associated w/ Malware Actor
uni-sovereigin.com,Associated w/ Malware Actor
unicreditabnk.com,Associated w/ Malware Actor
unifcf.com,Associated w/ Malware Actor
uniforca.biz,Associated w/ Malware Actor
uniksy.biz,Associated w/ Malware Actor
unimarine-service.com,Malware
unitd-nation.org,Associated w/ Malware Actor
unitedamericannbank.com,Associated w/ Malware Actor
unitedbankafrc.com,Fraud
unitedbankgroups.com,Fraud
unitedgenetlcs.com,Associated w/ Malware Actor
unitedinqredients.com,Associated w/ Malware Actor
unitednationafr.us,Fraud
unitednations-groups.com,Associated w/ Malware Actor
unitednationsafc.org,Associated w/ Malware Actor
unitednationsafr.org,Fraud
unitednationsafrca.com,Associated w/ Malware Actor
unitednationsafrca.org,Associated w/ Malware Actor
unitednationsregafrc.org,Associated w/ Malware Actor
unitednationsregional.org,Associated w/ Malware Actor
unitedpower-jo.com,Associated w/ Malware Actor
unitedpowerjo.com,Associated w/ Malware Actor
unlcloth.net,Associated w/ Malware Actor
unlimited-loggers.us,Malware
unlimited-spreaders.com,Associated w/ Malware Actor
unlogisticservice.org,Associated w/ Malware Actor
unolitta.com,Associated w/ Malware Actor
unpf.us,Malware
unpm.us,Associated w/ Malware Actor
unregional.org,Fraud
uploadersonline.com,Malware
urchindo.webuda.com,Malware
urnimines.com,Associated w/ Malware Actor
urucare.com,Associated w/ Malware Actor
urzantre.com,Associated w/ Malware Actor
us-embassy.biz,Fraud
us-securitysystem.com,Associated w/ Malware Actor
us-xpreslogistics.com,Fraud
usagov.co,Associated w/ Malware Actor
usamildept.org,Associated w/ Malware Actor
usamilitarydepartment.us,Associated w/ Malware Actor
usamilitarydept.us,Fraud
usarmyafghanistan.com,Fraud
usarmyonforeignmission.com,Fraud
usarmysy.com,Fraud
usarmysyr.com,Associated w/ Malware Actor
usarmysyria.com,Fraud
uscbp.org,Associated w/ Malware Actor
ushomeland-security.us,Fraud
usmilitarycallcenter.us,Associated w/ Malware Actor
utail.org,Associated w/ Malware Actor
utexco.biz,Malware
utpinda.com,Malware
utpndia.com,Associated w/ Malware Actor
utsbrands.com,Associated w/ Malware Actor
uzotex.com,Associated w/ Malware Actor
va-cel.com,Associated w/ Malware Actor
valsemis.com,Associated w/ Malware Actor
valtronic.net,Associated w/ Malware Actor
valtroniics.net,Associated w/ Malware Actor
vancagroupltd.com,Associated w/ Malware Actor
vanderspek-del.com,Associated w/ Malware Actor
varlmexmeat.com,Associated w/ Malware Actor
vdeltavn.com,Associated w/ Malware Actor
vedteklawconsult-ny.com,Associated w/ Malware Actor
vedteklawconsults-ny.com,Associated w/ Malware Actor
vegagroups-cn.com,Associated w/ Malware Actor
vemtera.net,Associated w/ Malware Actor
veraconsignetarios.com,Associated w/ Malware Actor
vesfa-r.com,Associated w/ Malware Actor
vetssa.com,Associated w/ Malware Actor
vgnigeria.com,Malware
vh0ut.com,Associated w/ Malware Actor
vibflast.com,Associated w/ Malware Actor
victoryhomesng.com,Associated w/ Malware Actor
vidailving.com,Associated w/ Malware Actor
vieri.in,Associated w/ Malware Actor
viewsept.com,Associated w/ Malware Actor
villabro.bplaced.net,Malware
vimasns.com,Associated w/ Malware Actor
vintageorphanagelimited.com,Fraud
vipmediacomp.com,Malware
viraindustires.com,Fraud
virtuesinternationalacademy.com,Malware
visaccard.org,Fraud
visirnex.com,Malware
vitagranto.com,Associated w/ Malware Actor
vitalsafedeposit.com,Malware
vitalsafehotels.com,Associated w/ Malware Actor
vivairauscedo.org,Fraud
vltro-eg.com,Associated w/ Malware Actor
vmeca.co,Associated w/ Malware Actor
vnnsl.net,Associated w/ Malware Actor
vntnl.net,Associated w/ Malware Actor
voice9ija.pw,Malware
voice9ija.xyz,Associated w/ Malware Actor
voice9ija1.xyz,Malware
voice9ija2.xyz,Associated w/ Malware Actor
voipnow1.com,Associated w/ Malware Actor
vs-glsure.com,Malware
vsrnl.com,Associated w/ Malware Actor
vtlk-otima.com,Associated w/ Malware Actor
vvtltd.com,Associated w/ Malware Actor
vyasrnarketing.com,Associated w/ Malware Actor
wadargroup.biz,Malware
wadergroup.biz,Malware
wadonylinkup.com,Malware
wahacapitalinvestment.com,Associated w/ Malware Actor
wahacapitalinvests.com,Associated w/ Malware Actor
wahrantradiing.com,Associated w/ Malware Actor
walkertuxford-uk.com,Associated w/ Malware Actor
waltepower.com,Associated w/ Malware Actor
wardesteelandrnetals.com,Associated w/ Malware Actor
wason-ece.com,Associated w/ Malware Actor
wattsswater.com,Associated w/ Malware Actor
waytsonetire.com,Associated w/ Malware Actor
wbgep.org,Associated w/ Malware Actor
wbminng.com,Associated w/ Malware Actor
wcousers.com,Associated w/ Malware Actor
web-aupair1.com,Associated w/ Malware Actor
web-aupair1.net,Associated w/ Malware Actor
weber-meyer.biz,Associated w/ Malware Actor
wellcaraoiltools.com,Associated w/ Malware Actor
welmafarms.asia,Malware
weriservices.com,Associated w/ Malware Actor
westernunion-home.co.uk,Malware
westinpowar.com,Associated w/ Malware Actor
wewimchina-cn.com,Associated w/ Malware Actor
wholesalessupplies.accountant,Associated w/ Malware Actor
willaimsbbrai.info,Malware
williamsleo.com,Malware
williamsleogroup.xyz,Malware
williemetmt0.net,Malware
willsmanten.org.in,Malware
willsmanten.pw,Malware
wimgmau.com,Associated w/ Malware Actor
winglungbankhk.com,Associated w/ Malware Actor
wintidabrand.com,Associated w/ Malware Actor
wintin-cn.com,Malware
wisan.net,Associated w/ Malware Actor
withersrrogers.com,Associated w/ Malware Actor
witron-de.com,Associated w/ Malware Actor
wodonnyru.com,Malware
wonderfarrnonline.com,Associated w/ Malware Actor
woodslandglobal.com,Associated w/ Malware Actor
worka-ho-lics.com,Malware
worldbankfundstransfer.com,Associated w/ Malware Actor
worldexpresscode.com,Malware
worldresellersservice.com,Associated w/ Malware Actor
worldwidefurniture.org,Associated w/ Malware Actor
worldxpresscourier.com,Fraud
writyre.com,Associated w/ Malware Actor
wrnalloys.com,Associated w/ Malware Actor
wseimportexport.com,Associated w/ Malware Actor
wsllsilk.com,Associated w/ Malware Actor
wsrn--trade.com,Malware
wuxirned.com,Malware
wxlotius.com,Associated w/ Malware Actor
xcrmgzx.com,Associated w/ Malware Actor
xptratic.com,Fraud
xrnperfect.com,Associated w/ Malware Actor
xxgoodsm.com,Malware
xyieminc.com,Associated w/ Malware Actor
xylemirc.com,Associated w/ Malware Actor
y2knet.org,Malware
yaghgroup.com,Associated w/ Malware Actor
yaghootroyan.com,Associated w/ Malware Actor
yangnc.com,Associated w/ Malware Actor
yaohau123.com,Associated w/ Malware Actor
yekyue.com,Malware
yellowsae.com,Associated w/ Malware Actor
yemen-ye.com,Associated w/ Malware Actor
yglm-tr.net,Associated w/ Malware Actor
ygml-tr.com,Associated w/ Malware Actor
yiqlu.com,Associated w/ Malware Actor
yoda-presurecooker.com,Malware
yokisports.com,Associated w/ Malware Actor
youfin.pw,Malware
youngme.biz,Malware
youngsystems.net,Malware
youngsystemx.net,Associated w/ Malware Actor
youngsystemz.com,Malware
youngworldplc.com,Malware
youngworldplc.net,Malware
yufnog.com,Malware
yungdell.com,Associated w/ Malware Actor
yuqaunbathroom.com,Associated w/ Malware Actor
yutonq.com,Malware
yzbeauty.co,Associated w/ Malware Actor
z0nes.net,Associated w/ Malware Actor
zafinternational.net,Malware
zahav-nl.net,Associated w/ Malware Actor
zalinkcobrutico.net,Malware
zarasrl2016.ddns.net,Malware
zaratexzinx.net,Associated w/ Malware Actor
zayanlpoiymer.com,Malware
zb-ralifastening.com,Associated w/ Malware Actor
zb-ralifastening.net,Associated w/ Malware Actor
zcccct.com,Malware
zelinxgroup.net,Associated w/ Malware Actor
zenaexoticsfruits.com,Associated w/ Malware Actor
zenghsing-tw.com,Associated w/ Malware Actor
zeytes.com,Associated w/ Malware Actor
zhejangmould.com,Malware
zhmachinas.com,Associated w/ Malware Actor
zhong-ix.com,Malware
zhongtex.com,Associated w/ Malware Actor
zhweidlng.com,Malware
zildljain.com,Malware
zimintergratedservices.com,Associated w/ Malware Actor
zimworldintl.com,Associated w/ Malware Actor
ziricotraderltd.com,Associated w/ Malware Actor
zjdnoglain.com,Malware
zjdonglain.com,Associated w/ Malware Actor
zlixmacushik.net,Malware
zolamixizlatix.net,Malware
zsn.us,Associated w/ Malware Actor
zteodrn.com,Associated w/ Malware Actor