SHA256 Hash,C2 Server
2e11ebe2ea65c46b1e00efdddb95c195a0aa0f27f4b4aca41198e43341592a34,http://nelsonpanel.96.lt/keybase/keybase/post.php
317ee8ef0a51d8d5fec6b85ef19c207b5385e6ec6249e95d16f32cbf16d24325,http://www.rylynnbrackett.com/keybase/post.php
27c1fbee0c3dca8e1c60e8261de5bde2bb888de702fc3a8aaf6fbdb8ca5f17de,http://www.dommershuijzen.nu/test/sandex/post.php
38586860df5eb5ba1fd54ee06d289431511914d620abe5949b33bbcc9060179c,http://108.175.156.78/~thaisupp/sense/post.php
d2b6eb65afd27b039868e63e64faeb27c71fca7d79d86ada868b6b7d70ded263,http://www.jorgenholzmann.nl/sandex/post.php
9369caa042faf67a1b70bb9f6abd0b574633dda1d7306255c602326a527d3a81,http://www.dommershuijzen.nu/test/sandex/post.php
d2a106f737624c6bd7ffca94e74737a8713af3fbdc5cd5bde5cbd3e706edd517,http://108.175.156.78/~thaisupp/elber/post.php
29a5952b04dc392cfd6e129b86603f05cdd61cd63cd9d2d3aa16d17625d479ef,http://108.175.156.78/~thaisupp/assets/post.php
eaf4669615628006b13c3122b7210ca434ebffae210fc1e2a26d04ef21908d71,http://108.175.156.78/~thaisupp/sense/post.php
32bd6e5a4d9b13b12da305e45f0a465cb6a5375d51a9786dc2c8e4c04f12f677,http://www.dommershuijzen.nu/test/sandex/post.php
2eb25e6094f956f026461d0cf124eb8a70ab7499d6d3781a4e0b562ecc9eb49d,http://www.dommershuijzen.nu/test/sandex/post.php
93f7d5d4e7ce2fab1aad53e41c872ee6aa14491bab4a8fdafd686ba70e532905,http://nelsonpanel.96.lt/keybase/keybase/post.php
32335380a7215024aa5d6f44c8f78ca6abbbc3d20799985789f5c86f48ba6a9e,http://www.o9191.com/kb/keybase/post.php
50348717668288188b0efb361cf41b40e1ed0896229b0def90ed14a687094fbf,http://www.udoka.pixub.com/forum/post.php
cf778c9118458d393c3387297965010ddb2cb6becb5fc739a573f08caef022d1,http://www.o9191.com/kb/keybase/post.php
9485036857d4de4064dd19d084ef72cdcb9315d27c80931af4a9c8166b7dd7e2,http://www.dwtrade.biz/KeyBase2/post.php
b6a4a837f5c288d63b380be2dea7e475781a1037ca79e0925c521fe5d454b2c2,http://stellatosolutions.com/oldsite/keybase/post.php
5cafe8fb877cdb947cacf41da4d1d231cbb98b4981fb4b0dbd7691f2ba9e4b17,http://108.175.156.78/~thaisupp/yanze/post.php
d27d5d4dc86e1eec3a4ba1cf84dfe3b09556f7dcf8e60829e2b742b57a5872a3,http://www.dwtrade.biz/KeyBase2/post.php
eba85c84c173fd12093a99994029e2de7b4fe5b15ebe05aaa8e78b1f9e00c6d3,http://trinimaxzimuxus.net/99rshi/post.php
8817bc86b6c281ceef00a91fd4f7897f8323ebd3a9b05d76a7b949e39b2e902a,http://www.gatarcement.com/forum3/post.php
11a0214642d0b1055318cbbcf4c9ad31997983a51ad6f4d36b6e3342dd3b43f2,http://108.175.156.78/~thaisupp/nails/post.php
ec5d99c554c853e58851bea5ac7326d7e93b5230ab1848584837ff6f1028dc88,http://108.175.156.78/~thaisupp/yanze/post.php
20b3d3270254f5b14c780de081fc74107fb08a3b6b5331b9b2f49b24b0a1fb76,http://ruggededge.co.in/rough/post.php
260bcc8803b9fe35019ae2386be15499878b2dda9955c30ce057882e2f75c364,http://108.175.156.78/~thaisupp/rendell/post.php
1bf41e7ddf3e14cca738dcace50886c8a54143ba3cf6c375845c4d51e934eba2,http://108.175.156.78/~thaisupp/crown/post.php
b8bba85f5a4a8cac5cf5fdc66591baf653312d22f21d05c74ddab11fcd01ca65,http://108.175.156.78/~thaisupp/yanze/post.php
fb57ae2dadef62f07c7adf13883cfc9db6852e3796dfa659b4c39d26842623cb,http://108.175.156.78/~thaisupp/relay/post.php
9a4069fd50be9e7681ac5698420fb5c8e6c7e94144dd8ae27dd84320329111da,http://ruggededge.co.in/abacus/post.php
e2d5a263a773ff93c7ec57fd8dbf50c83e0276eb3acab70dffe90b48f78b0dfa,http://hontaman.bounceme.net/gored/post.php
35b1b4b871a3c42fce934c53feee0caad80ed620085a393459d4ab5c92da6cb6,http://www.dwtrade.biz/KeyBase2/post.php
0bbf7d228be332c16d09a55196588f195deb0605147219a6b75ebb836b55b70e,http://www.snowcoatsounds.com/keybase/post.php
78432411b131cf75f1ef54e02f21b94b3bc48c13651d6136a8322e041cba5b09,http://www.dwtrade.biz/KeyBase2/post.php
d5c728bb307843ac82804df5642708d8b8bc29fd8acbf0c71026f2f4fd4cdf2e,http://www.dwtrade.biz/KeyBase2/post.php
e5acd2b02b62e39baabcb25415a53411ca25a63395a6ceb6e11c0ef88a49ee61,http://anonleakz.890m.com/keybase/keybase/post.php
906c201f0d1d25cbf9ed3f167e3f9847c251ef057c94b15728f0ba93db77b474,http://www.meridansalmongroups.com/extracts/keybase/post.php
1d9323b096cd29dd2289d05976465b6a23c3e89c7271bee81b214f782baf260d,http://108.175.156.78/~thaisupp/crown/post.php
0d234b930d68690ecf7f3fa5f8ee58683acc657ceabb10d7a4d1cb09cf4aa1e5,http://locopoco.zz.mu/keybase/keybase/post.php
b6e74dfa0944007aec73c7af102c5d8c8cad7e2a2a9c1dffdd4f300ed4fc55da,http://199.241.188.234/new/panel/post.php
bb3c083cc34049850d3ad6691a557e06c8d63f44e0f87cb4c33e2097beb32f19,http://108.175.156.78/~thaisupp/relay/post.php
69be42e3ac8ee49b4ff2bc31a989414cce6892f3fb858f57e7d1e2c7495571a8,http://www.hydropo1ymer.net/emeka/post.php
684c88247252f46f62870a77a7746504b010c43cf01e28562807fda4310c1014,http://108.175.156.78/~thaisupp/yanze/post.php
cd314f1f900e73f2fe4fd5872d431e93c9d73ac30d069b4ba1dd223789df6a54,http://108.175.156.78/~thaisupp/stress/post.php
4d650ab5504458980b4a51804d9783676423f9e77a1a11c4bb3d8cd9c8f70a72,http://108.175.156.78/~thaisupp/crown/post.php
c014104bf3a05a71a154ce1b5f18f95cc9f7145b9bcaaa7e6528adbc58b8f193,http://ruggededge.co.in/puppy/post.php
1f7e428d1563eb3fca4be401f00d78f47eddd583cc226e319b1ebbfdc5a25cee,http://muzukashibrashinki.net/h55l/post.php
30f976620c89b42d2cfee08ce30fc0cb4188cbfe7d13c34c255fc91adf493db5,http://goodmorninbredrn.net/hil77/post.php
9e8d592a5e1b53204fd4a3cf3b0a62c50f0cd2428b66b6cf287325fb5aed7640,http://108.175.156.78/~thaisupp/sense/post.php
7826b69f38edd83a46bac972638d992b3e4ac7cd2c53b060d2e8be578be012db,http://uniononline-ng.com/america/display/logs/members/post.php
799e8c916b3342d167dbd1463a0a6c574905ffa13e562f79728977160ed7c098,http://elvira1983.zz.mu/keybase/keybase/post.php
a3109d08490f8865bb877f1daf8c98243245c3abd857cc5cc598680e074729ad,http://destinyuband.esy.es/keybase/keybase/post.php
e00ca578caf76a04e4d000c2ae173bc3d3cf749c75b110bf4a34ad3e76a451fa,http://108.175.156.78/~thaisupp/yanze/post.php
953694e11eacc6310a9abd470e6dfdebd0d91ee5605c8179eedf3f57c3fcedec,http://chinzikurishibuk.net/27wik/post.php
be28d304875b0b42999c97162b63a53aeb51b62047b2369baed580a3d6f084f6,http://108.175.156.78/~thaisupp/sense/post.php
10f7e36b881d2f4979ddbe4828e24814127e1cb655f03fece7d049f1ece0511c,http://ressurectionplayerz.biz/mack/post.php
e7ba88143adc6dba6370390186851ec70ee5b516bf405d1ae2bdf35e19f90cb1,http://108.175.156.78/~thaisupp/sense/post.php
624489e5de3c1b12882e2d4cb14929822ff34e41dddafe573ee2af21c6eef0e8,http://pindakaas1980.host22.com/Keybase/post.php
64f2b6f3e89cc9023d126dfa3f2764e4bc4f78b96190701bcc0ddf9786c91093,http://clashofclans-cheat.net/Admin/keybase/post.php
ac41e0795ba69141263991e9a6231d25d34b414202d36ed107d7f001c44dac94,http://www.dmjc-malaysiapalmproducts.com/keyb/keybase/post.php
c5110e6123a7bfe3653843a32f7b71288f7622059ddcc861c2c7f9e0eab3e34b,http://chinzikurishibuk.net/53hik/post.php
4524b7faca7e61df1fca584708561c8338e63d3624c7012b7ba2d98a5728b540,http://chinzikurishibuk.net/27wik/post.php
773859dc85f47fb3d5b00359c372b00ff36775eb1ccc4fe15f2adcb56097f4ec,http://www.commoditiessellers.net/nation/post.php
f6fcec65ca547a38df84cf4af5b572e5fc6ce6a3d68dbb0fc6283ea3beac64f9,http://108.175.156.78/~thaisupp/stress/post.php
9fac0f976ab94e4e2b5eb7a9d27286af42b38e2771e71ed3d24605fa0f6afe9e,http://stellatosolutions.com/oldsite/keybase/post.php
c3105ee85bf2f73dac00ca9360db6bc514c81dc98db2d1f47291068a769397de,http://stellatosolutions.com/oldsite/keybase/post.php
6ccfbb68f55209c835ea9be54d51bb83fb9d95e74fdf872a01c92a2025b88eea,http://elvira1983.zz.mu/keybase4/keybase/post.php
8bee74b34230a458f8bcd0ae13a40e7c30625831c236baca5e5a0afe4b190807,http://www.kaptendemir.com/jeku/post.php
c113d55792b6802116806e3c41ffe8a19633032b343f0af42c4277892613a2d3,http://www.udoka.pixub.com/forum/post.php
9813e3e87c055f7b9230bae000d564c1b38ae4c19e42a7aaf293f89062814db7,http://mezilansakushmu.net/keybase/post.php
d993c8af0c2bcdad4d1a1b48b43b6c22a278780c9b587ac377aa7d954c65b4f4,http://www.usmanmartin.allalla.com/ugonna/post.php
51f157d5d61fc14f8243370bd628aec9b105cb394403f6db26e822580b10b8df,http://mezilansakushmu.net/keybase/post.php
3768522624f7c107253ff32a5d5661e20ab50609b6be6fc0e5a58256f45689fb,http://ruggededge.co.in/puppy/post.php
7e06042f8ec57683908168bc6f1471500e83a4c5d6fd1fcdb44d31024a58575b,http://commoditiessellers.net/june/post.php
3a52bbddaf0f7388ab8ea960c1bb35fef741bb933bc64b8165bf7bf5fd096a9d,http://commoditiessellers.net/newest/post.php
47fff059487081f84c10c13aea8439f909788b52bb8594394e096ebaefd31f06,http://commoditiessellers.net/newest/post.php
7011d97fcd8ed545ca811fb41a1e39112965b35373c882fdcd8ead7acdf19ab4,http://safeinsta.esy.es/keybase/keybase/post.php
8287aa906d120266fa180d3f7664832fc87cdf42f78fd829b8a23725624afbac,http://eventica.kg/wp-includes/css/keybase/post.php
259c8e43a27f91dab8ac5faf342be13268a04f6a5c3188b18aa071448b528458,http://tavito.96.lt/keybase/keybase/post.php
2d116a83ddbe1b0c581ba1fa1c5a462762837cf6b08cf392821a37691236033d,http://www.udoka.pixub.com/forum/post.php
ea439de40dcf729c0e2c8a3acad0ef22b3f089fa6bd2a40338655792033cf935,http://108.175.156.78/~thaisupp/assets/post.php
08d54227c58717834b4559f0c255a0d895b9c58918fe5f0742ed1d700b3799de,http://company777.wc.lt/keybase/keybase/post.php
14460ab16769b92643ac38458001ff1c005c74babc4243207a8c0a7f8483467d,http://www.gatarcement.com/forum2/post.php
d500721583f27ba4da4653fbdc522c8a1dba4be9236f9587d137b6572c95d11a,http://ruggededge.co.in/abba/post.php
cc323adcfdb48196f4910b966cb36277ea924912952a027686258322115688ec,http://stellatosolutions.com/oldsite/bbc/keybase/post.php
0d618191d97a9211b13abeafe1a913b8c77916878361d38eb967011daab8f5cf,http://meyedibleoils.com/obaseki/display/logs/members/post.php
e089d8361fc694883e176347a5af92d26468755d1110ddc88de31433e15e4607,http://ruggededge.co.in/abacus/post.php
d306b984f938acfb0063b83d169bc2b01b254d9f71f241fdc14e3c1818ae3ffb,http://108.175.156.78/~thaisupp/rack/post.php
71dfaec8a6f69ce931ca2a0a97d451bd48f157c76aa47e42dd27c356c13935bb,http://108.175.156.78/~thaisupp/wack/post.php
2e82e17895ecb61765060c42858a8af009b5ae460f6ca43fdba05372c9d4e728,http://108.175.156.78/~thaisupp/rack/post.php
5dad490fcced403632e6eed05916d040d0a46fbfe17da22992af07fdaab68104,http://108.175.156.78/~thaisupp/asap/post.php
b36260d0c7f9f5068187c79a4cf1c5694d281714c47f5521aee278af3dcb19ec,http://108.175.156.78/~thaisupp/wack/post.php
8012a59617b9e2b42f3e4f7dc9053d54ca3bc5269a96320155867f96e80902b1,http://ruggededge.co.in/abacus/post.php
502dad6a7c32c500920aedc816f3e816faeb6177ad5722b80770dccb50b3d078,http://ruggededge.co.in/pure/post.php
62f3a385a709418fcbc92b4af969f1f1c7d6a186f748423d85072684c07aee7d,http://ruggededge.co.in/ache/post.php
5742e11845b6c46bec3369244746b5ceb2bce84f243ae86223bc1fd6e3862bb9,http://ruggededge.co.in/abba/post.php
42c891b8bdfeb4752326bf44aa32983234488ecdc1f0383de94fc0edac3caba5,http://ruggededge.co.in/abacus/post.php
f1c3100b70ad7f8a42dfa422546ec008ba4e70198ba5ecb6c1ecafc046ab2da6,http://ruggededge.co.in/abacus/post.php
15970dcfae33fe4dc8c7b8a2cea15aa7088903dd2b9c492a65001c7c57f6101a,http://ruggededge.co.in/abacus/post.php
db2df81ef42fb1286550a984dd3bc5183cb4a1fa21b613f2ea0ab0936e8d3069,http://www.udoka.pixub.com/forum/post.php
eb145a04e504b93f834fdb1dc17df9aba64a9f8e3b07f99d4c9f07beedba7a03,http://unicornpanel.pw/z/b2/post.php
58679bc6e73948a18f1acd880287982848f3446ec2796f6020cdf04492cad9e0,http://unicornpanel.pw/z/b2/post.php
c9ff09b2192fcaba804649d753532b2a82cb1b4805dab0576efc3a92cce3be07,http://www.udoka.pixub.com/forum/post.php
2c5ed7ff5a04f509fd374d5b29814911404d1b9772998fa571a72ea7fa55545e,http://ruggededge.co.in/rough/post.php
8e657edeeaa4308355310cd6bfec8c61489c09e10a368f3238edc08437615d8f,http://www.udoka.pixub.com/forum/post.php
2efd441b60980ac5cbe945c811b0751e1111a776762a721d905c093d1798797b,http://www.udoka.pixub.com/forum/post.php
d475c8c94a1d1b032c611044e4e30a85211f9b9cedd5b7b01e9496ad1d07899f,http://ruggededge.co.in/abba/post.php
bbea9ecfbb9e20d0470b241b0db44fd91d6e62e10f52bf02b5e7e401af36bd82,http://www.udoka.pixub.com/forum/post.php
1fb1d1836d853f86ebf017348ee07aa5c77c78eecfc79735aad072909538d066,http://commoditiessellers.net/toto/post.php
80464b93a7dce4b3388225a57cfc61c999e81c84fbd5fd11eaa6f89c44497872,http://www.sodick-ft.com/money/forum2/post.php
48132e9eec89d0548eb54373dce3d61fda2e187c1e610f53df09340505cac38a,http://ruggededge.co.in/ache/post.php
de2193b3b9d2fe129d8aab8f30484589cc8bf04049b3b2188184e2e2a57f22eb,http://www.udoka.pixub.com/forum/post.php
20ea7a9e8098772edf4dd09a4da83c31bcdf447b1d67c791f8028c3b017a320a,http://www.udoka.pixub.com/forum/post.php
4facfbe7216dc55d723a7888615ccdcb6c1c886e497e150e79fdac99acd9a0c3,http://www.gatarcement.com/forum/post.php
d530ba4d9cbfc3ee92806522dfea96c0f3e2b72631a18ca656f53909e88cfe23,http://stellatosolutions.com/oldsite/keybase/post.php
c0915dddcf3473666542fc1c95f016be7f1cdc5c9c14bf4c60a2c3070f3d267a,http://stellatosolutions.com/oldsite/keybase/post.php
90b76e966fd944876e11feefcec3f24eb96f4b8cf26355bea0dfcf578712afd1,http://keystrokesunlimited.pe.hu/cy/logins/post.php
962be7aff477bb6b6a1844ad46cb7820d1f8d233b95bdffe5c662b4397881baa,http://www.annabouche.com/keybase/post.php
f97141006a78bc630434860d7e9893d8b1c3aeae7c3963f2bc5a49d6816a471b,http://uniononline-ng.com/obaseki/display/logs/members/post.php
cda0c15a6d63b8fdf8fd638e96ad50693cac844386439eaaffb61db0b5ce5c1b,http://www.cemasian.com/chi/post.php
0097fb254d95ef5393835fa27ef1f41448580c0513b892bf1e5531c598d3d595,http://www.kaptendemir.com/jeku/post.php
9466af2efe9b808d986780de8303cfe2fa4773c7e977dff6f0b393379a4ff5cc,http://stellatosolutions.com/oldsite/keybase/post.php
1bcc9c481d3044fb20baad481ae84f195bff5f089052cdc2f9d4f70287f070bd,http://www.nhvina.com/forum/post.php
7517bf1b918202db7e8f5c9fb1ea5da9c52a7eb60694122d18bf6e886b48e158,http://108.175.156.78/~thaisupp/yanze/post.php
99d5643df418005c336d9cca84ea00c18b3dc3f657d645af69063374f81019c2,http://www.mallustalk.com/unicorn/post.php
98d94c85602666593b44888913627cb9e67cdd9a72cf8b8d4a6055304504a258,http://www.mallustalk.com/unicorn/post.php
c91b042cc39d764c22c9bf80f6809e8759582db51d168768212ae66860b4d259,http://www.mallustalk.com/unicorn/post.php
f22ef8d85aaa38a936c1aef13844efb06d07b564318954015728902e57b43a7f,http://www.sodick-ft.com/money/forum2/post.php
ce64c9c1b03f34163aa5dccca263b9254d9f21deb4e31b63021691f124a497f6,http://www.lucianojesse.com/music/post.php
cf7ff1c505fcb949e73df52acb7b08161549a1b36cf57a08bce9acf0fdce9674,http://ruggededge.co.in/rough/post.php
75b3b06fe86dd00d8eda78c875fbe90525a7ed99d7c01a4129141acd69dbc417,http://www.cemasian.com/chi/post.php
f0b59a407adbe37107315ac7073eed36d2d791266fd1518af5a367c31734470a,http://uniononline-ng.com/obaseki/display/logs/members/post.php
d3cb7b3709d58535783d7a30c98fa076fa4e9de374ca6af7980366b403751550,http://keybase.zz.mu/keybase/keybase/post.php
ac0e71d9a967598bd0aaeb5884f4f5c06970ca6cf99fa8a612621cb0e54cd6ed,http://omueda.allalla.com/keybase/post.php
84989400bc804c7ca247069b428f28482c0ba8bb165e1f31b3a974819b1a97f7,http://www.gobrkybz.cf/keybase/post.php
9a50909c5725487eb616edf77b4d295896f06b43b8cf27bf20885989b6a31c74,http://conh.ga/keybase/post.php
3ff8ecf9316ce1b76a4379e2952b46cca3e7a498e9a08698371874c9541f1880,http://elvira1983.zz.mu/keybase4/keybase/post.php
4eb852bb701a3f3899d0854363549e7cf39e1c9d4345ec4adfe9d28e90087691,http://108.175.156.78/~thaisupp/shiznith/post.php
7ceafdaa62d077dc5bbf08c0a05f3f449636c74b14e3fe839c57a3cbf7fa29ab,http://elvira1983.zz.mu/keybase4/keybase/post.php
683241de631f1aa5bda5523671c756f3b22d2e46b1c09628d2f66f32da1ab4fe,http://stellatosolutions.com/oldsite/keybase/post.php
233ef582e391a4b5edab2ca660beec511ddd42456ba921e43ca8f70310c50ed8,http://www.nostubesaver.com/log/post.php
846ce517603bd7f29d88010a038b564904b937770cccc3272480ef3572bbea86,http://aminedata.pe.hu/keybase/keybase/post.php
0f62bda5b54f5de8aa9d233f7f84aecdc8038efae622ad1a73fa038950cf02de,http://uniononline-ng.com/obaseki/display/logs/members/post.php
80532122edd3a0454046fe40be35d9c4fa97cc2e9bd9bf677e041ab4f2a752d9,http://108.175.156.78/~thaisupp/rendell/post.php
ebdb416d5125dbcfaddc8470502cac28e96d0597edde452db9caab978a876310,http://stellatosolutions.com/oldsite/keybase/post.php
e05fead778dcf9224c65501ef40b0085986702353ca9b0b53343d073368b54bb,http://muyitools.wc.lt/unicorn/post.php
528340e83b5c2e059a63ab71f6091f6460d645c167f693fc24580c4b4adbbf5c,http://muyitools.wc.lt/unicorn/post.php
e3d7b405a0f7ac0643b2c1c79c60c266a4a6bc0cf3dae1852661a8c593c8dc2f,http://muyitools.wc.lt/unicorn/post.php
c88b751a1814bec552c827c7d48046a2b18688053e85dfaa517ac0a5b2c6d120,http://108.175.156.78/~thaisupp/nelson/post.php
065723e5c166e9d2e884b8b4cf581ab122d17953e1267defbb5a9d999f50b796,http://108.175.156.78/~thaisupp/nelson/post.php
a0b1a4d8f2af6a17452fb50dc18b49f02b49624d6db7a83f27a32ae47763dc59,http://ruggededge.co.in/break/post.php
9e41545c3064607edf06735a7705810f6c29b53f1e274988314681c7050f3625,http://ruggededge.co.in/rough/post.php
019955659a751a9aba6197c536ae1cd3a0641f1a48dd2e932e69139e682b39be,http://stellatosolutions.com/oldsite/keybase/post.php
d4a03d0c2432fd3b5c126b2f363684abbd2913a9fe5d9c203cd785e299dea21e,http://ruggededge.co.in/smooth/post.php
ea580264489ac6030d57cb56b995949657a4e7af2ae17ca1ffa8ba124cb37df9,http://elvira1983.zz.mu/keybase/keybase3/keybase/post.php
437570589d3691efd1ec39493f1990361707794889f2bc6bc309059b6eb1d2da,http://pepperdeybalms.com/keybas/post.php
f3294bd82fba83a5ca3b2fc1a5414e20f0379066c356cb44186fa67f4512c590,http://108.175.156.78/~thaisupp/sense/post.php
55de77ed917c7d9efb25eb2c785c1014b40c56e5026090cb2d43457a6138b0b5,http://108.175.156.78/~thaisupp/order/post.php
7a27f02dd0ff168a3a73b4a9d23aba24d5e770c50f50ad84d9c9e085cc9c426b,http://uniononline-ng.com/obaseki/display/logs/members/post.php
8c6a97751cc27a0f063a4fc340274b309ae02005cfd1a2aa170bf2969c90dc56,http://108.175.156.78/~thaisupp/white/post.php
3d045991a0db2c24cc9acf02f3955a6355c3c54fa973dd2b68d95aa10a2a377b,http://ruggededge.co.in/rough/post.php
f475d196d1590f30fbaa75993487a77a99dac8e3002bf08591aa4047147e17cb,http://www.cemasian.com/chi/post.php
ff4f08a0dcc9db985061ae31784da831218bade8d13759b93c0888cb7f1b4742,http://108.175.156.78/~thaisupp/relay/post.php
85bbbced36a13264ba09a3347a0908594798e14333b6436c64b3e9bf1fc98bbc,http://108.175.156.78/~thaisupp/yanze/post.php
4ba922ac8e2bc69b32b4b9fd795d50b0a7d0d6fd61b663834b0cdb43579c3066,http://ruggededge.co.in/two/post.php
b5a6e21299a4d6c6579f4895599f7a36aaf6330addd6b90d22a7a5789956f4d3,http://aminedata.pe.hu/keybase/keybase/post.php
cae9caa696f74eb778b21291748be1218ac23f5754de6387a1c28bcf27b5f96b,http://aminedata.pe.hu/keybase/keybase/post.php
ed1f215d73aeeea52bce75638d00a271f5736410647fc751845d33b77cdd16f4,http://aminedata.pe.hu/keybase/keybase/post.php
1161e797cb8551fcf88fd47d05d9701123deb87ab2ce459aa69bdc87c5bf601c,http://www.snowcoatsounds.com/keybase/post.php
4c6cf8dec1f9c53f64a7b97bd1dd1c74d3aeec423cd7634ee4b84a4c13d4d7ee,http://likelikeblog.bugs3.com/keybase/keybase/post.php
f1e8cf6d8489cce06ab673d1379edefaef711f21b147b0089b2dcb08724c8da5,http://www.dwtrade.biz/KeyBase/post.php
ffe151f75c9ccf7805e98fe110e4409a0da308b23e185586786f6d0f4887b190,http://ruggededge.co.in/hype/post.php
42f6bc93860753723d107ca6d23a7248ebe726ce346c37301d1f96edb31c5a70,http://www.lucianojesse.com/music/post.php
a69ba26c9152d67f6f60e8961655fdd7b3fbd747ad93a4502309ff4a801abecb,http://conh.ga/keybase/post.php
b3b96563e95c859f55f817370c8d35d1b991695fb05598649498ab5a04a4e744,http://uniononline-ng.com/obaseki/display/logs/members/post.php
28c317452fcb0790d2a5fdae9ba8fffd21373c8179e7742b6e63ed06ae68c351,http://www.dwtrade.biz/KeyBase/post.php
a9014f9650a2076f5c05fe77129a2982b07a4298cf626c5bef2d7acd05cb0fa7,http://dessy.redhatservices.esy.es/dessy/logins/post.php
5e4659be9718f948aac97754a09f42cd18e402cdc11b4729821ff7f5ad9335f4,http://sonetlinktech.pe.hu/logs/post.php
61ca7d230850308523d23acfb200f195b520e5ea009330998d1676e9c038e02a,http://www.nhvina.com/logs/post.php
0b4aed243e13a65d10c65809c2cd1e2071a0fe8c1afdb47a97983cd1c085f628,http://www.royallink.lixter.com/post.php
e10569ce3e84081ab7eed24ed97c4b3642c88480a2239d25cc91347cbbdd3bd0,http://uniononline-ng.com/america/display/logs/members/post.php
9314cc8e14abbb1d999dad197928994870796ecb38f9231dbfa520f7e886281c,http://www.dwtrade.biz/KeyBase/post.php
04b139bced757e1875e8325ecc314435a039b69164ee216f22d8383fe9f978bc,http://108.175.156.78/~thaisupp/shiznith/post.php
6b1a127856eab3def9242f8a3e65b8b62f54e0bfdd82041b04e2eba74ff7e3d7,http://108.175.156.78/~thaisupp/rendell/post.php
07141c59c965ec5d6a36e34f4b7b9833311550c05b2679f3cb8ed31fa3fb674e,http://www.nostubesaver.com/logs/post.php
4677261ec01e8f05a91885e30afcc51887cbd231e390df82c2a74f689e5e572c,http://www.gbkybze.ga/keybase/post.php
eb46f5cab915e8e8307e37d37bd4c65d22da0c21ce09de9f189be07a372524f8,http://108.175.156.78/~thaisupp/relay/post.php
8f5e5f3816c4de1f6b6b3fabe45564e4072a325e0fcc76949e79042ad17c53b3,http://stellatosolutions.com/oldsite/keybase/post.php
5dd2b89d2bdf828c7397df7389ac437e7fc3b6f5a0df0c722c61e45220c4b768,http://www.kaptendemir.com/jeku/post.php
493a6d58cdf562185f00428a36f723f1c58587db8f515fea10870fadb107b096,http://108.175.156.78/~thaisupp/white/post.php
218f5eb02ea2197604087f72c383dee19098d2ef2ed35d7457e2b0972c000b14,http://www.gobrkybz.cf/keybase/post.php
7f132c6824ee932097d088a75f05f5fd7dce982fce86e51a05e21a9da4cc9d41,http://www.dwtrade.biz/KeyBase/post.php
4562721204ab3341920e49d3276b2a249db5f68e32870c69c6fa99d0750a9f35,http://108.175.156.78/~thaisupp/white/post.php
62e9777ebe2db8bd78af28c6a1b5b40ea0f7d4fb6a0fc2c4d9aae0acdfea8082,http://meridansalmongroups.com/smith/keybase/post.php
d69866acf653e681baf7f019c77804e603f25df669fa68f94c7fd7c5dccc8244,http://www.dwtrade.biz/KeyBase/post.php
14edfb07d8eda178a68fb3806a82598b9612b1b61bda0398b58e3a8dcb92b9cd,http://www.kaptendemir.com/jeku/post.php
b469d5c3038e8ed73f9f4583b0be981ae1a5c06565365403518ebbc00608f877,http://www.sodick-ft.com/money/forum2/post.php
cf22cdbfbce2bae33b1bfd5d648bcc9b788bad0009f14f02fbbdc55c918f2c28,http://ruggededge.co.in/two/post.php
ae4ec9b0214a413e993b70e68c4ca52752e47c4acdf26efe9d338ff630af9253,http://108.175.156.78/~thaisupp/shiznith/post.php
3d00041932a5d4f589c32420cbeec388c17ccd49ddbe96ef399c91d2f0b1ebd5,http://stellatosolutions.com/oldsite/keybase/post.php
27cb4395cfbb611f3a0cb17882635226b4898867bab7f50d3006b822f8baa730,http://oceanicsolutionsenterprise.com/billymike/keybase/post.php
d0130c0630f9b067a4ebf71b04670c124220f57aa9b7f6b6b70d7c44166e86d5,http://madsemanden.coxslot.com/post.php
17e8b29653f9dab60c3fbd13d79df5412401444b30262bdf3d35a5ba3236a7da,http://elvira1983.zz.mu/keybase/keybase/post.php
212139155b8d24540dc0304f7e7f961fae88bce1b800557eaca339d7b251136e,http://ressurectionplayerz.biz/mack/post.php
aadc043f43510c163315ef43f666547002ee3b07697cd5365b8ea4b73102f3b9,http://www.globeways.website/keybase/post.php
c5d56b24e45f44754bd41b4d9259b2284fec7641ee1bab45103667b7c36b746c,http://108.175.156.78/~thaisupp/shiznith/post.php
13b83f50e005e50a37af007aa8a5117af5630e477d47c97d360ca73707000b3d,http://engjackinc.zz.mu/en/en/us/post.php
8717c908745f09335a109aa5540b74ba1bf0719b6f992d1c239fba5d81aaaf7e,http://ruggededge.co.in/two/post.php
f400e34fdee03d946e606ae0f3c24e31d62e73751390bcda72188968ac0a98a8,http://108.175.156.78/~thaisupp/order/post.php
c1e50d83a93cc48f164ecef8c271a93f160f96ee6592124adeb0bc195b3d8308,http://108.175.156.78/~thaisupp/white/post.php
3fa65cd7040dfb888e359b1a95f40a8f82333b642b76cfa8c6669aaf2ddde2c3,http://108.175.156.78/~thaisupp/nelson/post.php
c16104f4a8cae4ce0ff91aaf6cd8914b102bf74b2e517dcc25fe497f1e75cb79,http://108.175.156.78/~thaisupp/shiznith/post.php
9de7c5e75b3d230b37c4aff57c9845afb614bc79d07dfde4ddf9ad1fe6cca4bd,http://108.175.156.78/~thaisupp/real/post.php
e4db18cd3c24ba8a549e4d5e71c41c4bfce1d6cda354dab8d3e50055d8e2779f,http://108.175.156.78/~thaisupp/relay/post.php
bbaca46735b036210825a0787ab67ff9538065efb7f853235d7e834136261a85,http://www.politebobby.com/forum2/post.php
54cd4c12173aa48a0e0be6e18c0fad07916424a0fb1a317e6969e697b11f6152,http://ruggededge.co.in/one/post.php
ed6f183c50be26c3626c05f82c9e174c78e04d45fd2099c8f76d8c65013e2842,http://www.politebobby.com/logs/post.php
824bd61e2ef0d1bb829ffde7c9c06cc0597c5cbdfe49d69aa3ce52391ad1571d,http://www.hydropo1ymer.net/prince/post.php
e337e8f8671d351f84edf1b3795e8f689db775e3bdfb5e9285cc5234880b5c42,http://ruggededge.co.in/two/post.php
42923e1fd5732f320768aac8e73e9afe5d1ad053d5bc878d9453848c49f41aeb,http://ruggededge.co.in/shiznith/post.php
742ce6f305d0058730c1b2bc1dd2a89441cf4027046eacbb657a4aec0732ca69,http://ruggededge.co.in/shiznith/post.php
301c0c445e0571b205e21cef428588461b23f3d235a7937f1d87a86f0544b0b7,http://www.kyliewalksbase.com/keybase/post.php
27821311f9a194a053e6dae8a9485166b117a3f528f78cbd1e43684359b7ba5e,http://restnwire.no-ip.biz/feel/post.php
8ddb5b97a6cd1b9382b38611f3d72eab3fee85d35a5ba419ca5fcb59b7a1e6d7,http://www.sodick-ft.com/money/forum1/post.php
e791e654339a4e4c33a406041e6348198a58d960799ef8fe5384eafe84088127,http://www.kaptendemir.com/polite/post.php
5d21b6f64f7ee707cd3cdec873c0805b31e332086685514d5856eb6d03422dd8,http://crackingstaff.zz.mu/keybase/keybase/post.php
76d7c9a7c7961319779393b786cb7714674ac48f5d95cc5d30e31efd56e3d71c,http://www.mohiniorganic.com/post.php
451959a8ed63140781e51b8dc60757247b9abf20fa9757d433fcef0840afdd4e,http://ogaorangeself.esy.es/albany/keybase/keybase/post.php
5e39a93ddcb1f21b599725173d1cfc90f8c861894d5fcd56fedaf21a9c7ae5db,http://ogaorangeself.esy.es/albany/keybase/keybase/post.php
a0e2d1327c3b23b472b202232fdecb8643eb0d89c989a913f2be3f70544ccd57,http://www.politebobby.com/forum2/post.php
7f5a56d3d882bf80913ab906f318cfb870fe589fef9f6647f51f378123f40d2b,http://www.politebobby.com/logs2/post.php
8b02b0d3aa70079fb119871e8fa9e0e6bf137fe959f7a1cbc554651e37de452b,http://www.phonesandtabletsfix.com/keybase/post.php
b5acacaf18f526ba9a757dad0b52b95795470408d6ecf6a5d6b9a64376e32e78,http://www.tamwaytours.com/keybase/post.php
7100477a3d2137a754b84d5899b3e6bb1e201e112e7e4b35164998eebe75863e,http://www.mattyclarkpin.com/keybase/post.php
bb9c528fadc6046f24ceeac0d1a15f238b4bae7b5a7898fc97fede1e95d3624f,http://www.kyliewalksbase.com/keybase/post.php
e0c91baeceebea25c1e2f9e6eb010766c75bf00fe5701107b7d6f9434d95321f,http://martyn.hints.me/keybase/post.php
61d62d9b38baaa1d1a3329d86e52f6235d7e9c3adbb49e762478732e76c165fc,http://babaelectricals.com/logs/keybase/post.php
9ad6203e8b67acc8b2a549f81ca0dab69b32f7c0521369fd8e8316f8993034a4,http://www.ressurectionplayerz.biz/mack/post.php
0b502b5108a22606ec706551febf6a487cc4f30bb8d352942384660906cf7b73,http://www.bct-cawe.net/post.php
391ed5bb5c440bb504cd8dd13b668a161cf370ade9569f6cc19c1b12eb58aded,http://obamabigboy.esy.es/keybase/keybase/post.php
d5e8d83cd65ccdee5947e82c7f954af8826adacb1ee07c5efabffe8860e7848f,http://kbas.zz.vc/keybase/post.php
313621b70f71af8cf7f85b849b5883987074d9d42b6c881dd334e93bec8a3c7c,http://www.politebobby.com/mega/post.php
215ae21dc3994ff21794aa97ea5593612a6b7e83693e15f5c291ed7f8d353add,http://www.kyliewalksbase.com/keybase/post.php
6b4e14adf42c1087e45b5a7e97393daacabdae802e33f1a92dfb0c904ec0a9a1,http://www.besaeco.com/bright1/post.php
8272d1365b479919508a1e47ccb5cf926052b01276811fa09a4215a963dc6fac,http://unicorndomain.pe.hu/unicorn/post.php
166ad86325684a6d07b90d6b2e1f468a2a86e2371600968f48bee9921c1a67f8,http://kbas.zz.vc/keybase/post.php
e6b66fdd90a322098e68d07abf215680c790ca90d62086f55d32283f29a7307c,http://destinyuband.esy.es/keybase/keybase/post.php
aff54ab7b617d03138d01d630615a9c19705cf79b2dede3a91f8ddb322ca449b,http://yiwoagentmarkets.com/AlubarikaBackup/post.php
00c1aa7b80f6b6650dc0d8d2b837baf3909858efe1a539d966919e58626a4514,http://www.kyliewalksbase.com/keybase/post.php
d44f30646e09a76de2090391f39d96bc349a68d9b5d41043e98f7246bb2d56a0,http://kbas.zz.vc/keybase/post.php
740445221e89386bf9607a03ccd972543907460c48cd9c377469bc7902c77f60,http://www.tamwaytours.com/keybase/post.php
182deea11fea22b7145b861245928367e64a2ee63587bbc8698ea9c5970d74d0,http://haivu8a3.esy.es/post.php
2c82bbf4969f1825b45e4e28e01ce69fd2a3d31a4ead3e6f96a617b15c7006b7,http://keybasepanel.hol.es/keybase/keybase/post.php
76471064899ad7ed1d59a5f8816f8d707bd9da0a71291ae897367be613df8f39,http://accessoryinasia.com/keybase/post.php
7af9adb7c929b3b53f5248ace7de9f7c95bea20fb60049c4bf0475c74024395e,http://190.14.37.19/~keybasec/jizzy/post.php
0794c7d9b5cc48ff02166f459fb43e7bbe982bfa9778516301c096bcb57d7046,http://www.nnpcgroupcomd.com/oni/post.php
1491639d5c2ce6ce50d160349535ecfc6c84489cd4c1565b518fafcb1bcb6657,http://pepperdeybalms.com/keybasee/post.php
14d0f88e02aa16e64d81679edd2c0d54dd4bde4e6e7c4b309f3b42d8dd2cc394,http://accessoryinasia.com/keybase/post.php
6b49372e09840af1b98238e5e31c1a1cacf81419d5cdf70d9a8f28d9b32524d6,http://accessoryinasia.com/keybase/post.php
41a82c991939e186fe1eee883ae707e50384f1db44161814ef1eef4a18b88205,http://destinyuband.esy.es/keybase/keybase/post.php
51fdd7a24b47f1df130f3aa0f1b62440c5656a2806268a57329a664d840e1812,http://www.nnpcgroupcomd.com/oni/post.php
3f2036cc324ee3860cc87d4178d83120698de4b5a87f7fe0fb78c0d2d448204f,http://pepperdeybalms.com/key/post.php
8f439285e405dd36db124b45a67caa88af99f01b7486ab59fad764eb11c69ade,http://bekunebok.netai.net/odenigbo/odenigbo/post.php
0ae1de97e27678be16df8f7a28bdd8db9331f0ba0276fbbc553c8151bf2ce6ec,http://keybase.ipservices-ltd.co.uk/post.php
a0a729a970cdeb2122d3a837d3605d2f1b397c58e035d5b26a9b2a531b2dcbc7,http://pepperdeybalms.com/key/post.php
1d595e5fb0e6e16484293c95224249836cc458b406ce8216c61a5da74e79a87a,http://www.nnpcgroupcomd.com/atus/post.php
9843192f6b7f2127edb685fe4316a9e01a2699af1ab1ed8825717042509d8b57,http://pepperdeybalms.com/sailwin/post.php
8b96a2fa358ab6c0a8eb61d87d36606c38a65c8962149b43beee737848d2dce8,http://pepperdeybalms.com/sam/post.php
52176e676724e5a90c1f7349cd559cc507b9261a2c1c675de82bac7c5d816456,http://xboxlivecodegenerator.info/facebook/keybase/post.php
c7f69d10f46f65319f5b7f54b90aeae8e9a3143779f5f881638e3006e0140a85,http://www.smartbass.net/keybase/post.php
8410bcef0572cf2daa179c5f0d4622170cd16f67e1804c0dc8cc10f7c7c93c68,http://itscam.pro/keybase/post.php
6bda0a094c5aef48f8895b9a7e7abc6d038cd7bae5daa4095258c6557a7a83a5,http://www.politebobby.com/forum/post.php
08437134fe7f0bf4159dfe11bc15a1781f3af170477e611d5b7db89e9f0e14ef,http://167.160.46.7/~keycod/~/kbz/post.php
5d782e18117e15696966d5d8451f59ad6a2b01cd3c7d7d140caaa77b3f79da30,http://www.lucianojesse.com/music/post.php
95c94a042af2b8266ac6d0a9c3ea521c4079d23e9545094fccc9bf4acda37e37,http://www.politebobby.com/forum/post.php
da5a0690bc29a6167b6bee96c2e9acec6b7dc14877cf0da49fe5b3d231c96675,http://www.nnpcgroupcomd.com/atus/post.php
c427aac7fa9303bda9f356abe30dca48b0a9fd04d21c996bd64c492749dbe980,http://pepperdeybalms.com/k/post.php
346751d5d43c09d6e3aeb8b68daecb9510b6003f8058cd3be0bb3a8d0a074070,http://srv.areshq.eu/eliekeys/post.php
aafc5c80b3afa8b8bf58bdadc7fd764dce2cc7ff3ad3f80cdd19afccf18cbea9,http://ggdigduuzdgz.esy.es/keybase/keybase/post.php
9f25480d4edeb13f786bda6e7519548649f00166fdd322834bc6695e96f12b46,http://davisusername.esy.es/keybase/keybase/post.php
1b165ae6d2abce7fbf6deb9019adbb47bd466f686023cb04572cc4478197059c,http://www.reefran.com/ugonna/post.php
141d31903e0486d8b22efc052ad366dbf112358baed9249ebba11d6ce47b2878,http://www.smartbass.net/keybase/post.php
92573efc0e70c9b464a587338d078c47f375c2af154f29b6a2fe9f600c992f96,http://www.reefran.com/atus/post.php
fa2f855d891c150fc1ac51db88d6016fc5f3c4e9da902285fdcf892aee7815ab,http://pepperdeybalms.com/keybase/post.php
9f2eef9519a76e32be384c4c1eb0e07b0876ae51025bb83ddc9d1af9b1346acd,http://steelholdings.eu/dave/keybase/post.php
7f4a4570f13e630be7fc555314c9f5b1e72f874913c46ea78248ddfbdc472684,http://www.reefran.com/ugonna/post.php
8a93d525992d13d1f3fdfa9f471df00c5f7697bcbbbcefc98f4f7930575103d7,http://www.reefran.com/ugonna/post.php
f1bce7b07350982b6e85e97ef1710dbb74a19a3babaf9ee10d3e5a75be77212a,http://www.own3d.dk/keybase/post.php
d1fbd8ed5542f457496939e3c33c069860014f83a3eda458da728ec87f1c23c1,http://oluwapanel.wc.lt/keybase/keybase/post.php
566f86b0c0ad39bcdc3471e7b1d92271e58492f672b826a8f54742f97b7429e1,http://www.reefran.com/prince/post.php
3e7df0f3e1a3be87f98e863e28e3081b9be83918a1f59c143c9ecbaaf231d730,http://awilmelody.pe.hu/keybase/keybase/post.php
b3e607b3d68c628636bb81c6b72277badb7305369d124afda6420722ceb2a1d2,http://keybasejasper.esy.es/logs/keybase/keybase/post.php
100c3fe9f8e1e4829726f6ef7c0e184d9b62194e014c19722d328a6e2b25d8a8,http://username14.esy.es/keybase/keybase/post.php
b339c4a54b8997229a11bfbdaf81f4dfb35113ed143c1915006b69901722de92,http://awilmelody.pe.hu/keybase/keybase/post.php
0671265a176613f827d56f4b57c32cc6ad90ccae376a2185f5df50f0ad7fc0b1,http://www.reefran.com/ugonna/post.php
00d5462155e601977e55b70cd4d5b0035441192bf082e91b59bfd2a477f6c950,http://www.reefran.com/boss/post.php
b5a12edaf6ccbe4a41ddf425bc6d060e9a0c111137e01097588b2975ada1ec56,http://www.reefran.com/bright/post.php
f0930d9b78b5a1d57cc26a79b72a30ff1783ee6780213ef1c3eeffe487be76d6,http://www.reefran.com/atus/post.php
9a9bd0dd00a58168217e5d37f90929cceef7607cb9cf91b5baddbc046fa9d682,http://www.reefran.com/atus/post.php
b83db4fdfc6d7e81fcca118ecbc91b74ed4c35b983e21bb65fe2a5138805f3e8,http://www.reefran.com/atus/post.php
b2b7683a1b067a99fe4ab92f9763c0227c03b49e4ecfc61e25080b41fb9baf94,http://www.bct-cawe.net/post.php
d73c1a84329e8a1f99def298f64355b69c4aa8379fb36559a0195ad913cfa1a6,http://www.reefran.com/bright/post.php
b87da2e4bf154e4f2143495cb2bd69375f64c31d2af707b82179937521b6a7b2,http://mailusaacad.com/base/post.php
73095b6f7658e48072dd24d06f6f7fd7ea845a9c106232b95a11841f5c7cc3bd,http://comecaca.3eeweb.com/post.php
a4ac39114683ca789e61e2fbd569063b3e84beb20fe94a9dad62ec7c89309ba7,http://www.polite.besaba.com/keybase/post.php
82dcf288d383ac20325ffbf6d3fb37aa4de06ecc8bdc4f3d0835bc799379e8e0,http://keybasejasper.esy.es/keybase/keybase/post.php
36b6fb26b6a6865e2a72e0f693cfc17022f9677180d1516ada40943ee1d7bb36,http://www.ugonna.besaba.com/keybase/post.php
76be48eb209032237deec851c77aa9a551396f06453c4538d076669b0176e798,http://verifylogon.me/keybase/post.php
0efc3c54f61515ba7531a3207f93d95d0638151f9b4584c4897ce91bb001294e,http://0wn3r.me/1248n7129478n21/post.php
e6331671cc8e709f05c8df86af485d9e500a017df4492243c126753c9509b084,http://supportforpoors.zz.vc/unicorn/post.php
eecd1333f16c6d8fc2b107927ac6db0841906b82ebc9958076de8f9bf515bf77,http://unicorndomain.byethost10.com/unicorn/post.php
8fee3471eeaf205ae3a8b1f496a3fae5f062a3c0c5087f121d439a27decdff4e,http://keybasejasper.esy.es/keybase/keybase/post.php
65a2ff01a941f90780c689a891da1688dd058c020c5aee11feb02c4272dad891,http://www.polite.besaba.com/keybase/post.php
0be9ac137e0ea8ece1203186fab6eef8ab3d54d488c49186ef52b11cb0b3d0eb,http://destinyuband.esy.es/keybase/keybase/post.php
6a9f619714fe9a232abfdbbc9c0d3801260f03561fed61b482153b2f2d19d597,http://www.omueda3.esy.es/keybase/post.php
d1508ba319a28ef0fd6002717c9a26f99e7a03f84677fce476399a64cbe1dbc1,http://www.keybase.in/K/keybase/post.php
74be01d7ff00e138c33c1a0bd23a4a5e3f5a978d7aead80d42e0831712947fb5,http://www.ugonna.besaba.com/keybase/post.php
e87b2762a1ed58b76aaca3c4ae6a617e0a35c7ce8f10506de41d432d73ff7244,http://www.polite.besaba.com/keybase/post.php
1d084110cf5b1d2865871ebc0895e48f02d933e0c2c711761d02b9e5b9860cc0,http://comecaca.3eeweb.com/post.php
a87fbb996ad5d2518c0e9df3fcc08f2695e51f5cfeb415aa205036fc74e44181,http://destinyuband.esy.es/keybase/keybase/post.php
8121222e1d7afcfbc08ce3f7493ace4083b7bbf381710c976f755c483a5262d3,http://keystroke.zz.vc/keybase/keybase/post.php